"X","Country","Region","Freedom","Year","Rank","Score","GDP","Life.Expectancy","Corruption"
1,"Switzerland","Western Europe",0.66557,2015,1,7.587,1.39651,0.94143,0.41978
2,"Iceland","Western Europe",0.62877,2015,2,7.561,1.30232,0.94784,0.14145
3,"Denmark","Western Europe",0.64938,2015,3,7.527,1.32548,0.87464,0.48357
4,"Norway","Western Europe",0.66973,2015,4,7.522,1.459,0.88521,0.36503
5,"Canada","North America",0.63297,2015,5,7.427,1.32629,0.90563,0.32957
6,"Finland","Western Europe",0.64169,2015,6,7.406,1.29025,0.88911,0.41372
7,"Netherlands","Western Europe",0.61576,2015,7,7.378,1.32944,0.89284,0.31814
8,"Sweden","Western Europe",0.6598,2015,8,7.364,1.33171,0.91087,0.43844
9,"New Zealand","Australia and New Zealand",0.63938,2015,9,7.286,1.25018,0.90837,0.42922
10,"Australia","Australia and New Zealand",0.65124,2015,10,7.284,1.33358,0.93156,0.35637
11,"Israel","Middle East and Northern Africa",0.41319,2015,11,7.278,1.22857,0.91387,0.07785
12,"Costa Rica","Latin America and Caribbean",0.63376,2015,12,7.226,0.95578,0.86027,0.10583
13,"Austria","Western Europe",0.62433,2015,13,7.2,1.33723,0.89042,0.18676
14,"Mexico","Latin America and Caribbean",0.48181,2015,14,7.187,1.02054,0.81444,0.21312
15,"United States","North America",0.54604,2015,15,7.119,1.39451,0.86179,0.1589
16,"Brazil","Latin America and Caribbean",0.49049,2015,16,6.983,0.98124,0.69702,0.17521
17,"Luxembourg","Western Europe",0.61583,2015,17,6.946,1.56391,0.91894,0.37798
18,"Ireland","Western Europe",0.61777,2015,18,6.94,1.33596,0.89533,0.28703
19,"Belgium","Western Europe",0.5845,2015,19,6.937,1.30782,0.89667,0.2254
20,"United Arab Emirates","Middle East and Northern Africa",0.64157,2015,20,6.901,1.42727,0.80925,0.38583
21,"United Kingdom","Western Europe",0.59625,2015,21,6.867,1.26637,0.90943,0.32067
22,"Oman","Middle East and Northern Africa",0.63274,2015,22,6.853,1.36011,0.76276,0.32524
23,"Venezuela","Latin America and Caribbean",0.42908,2015,23,6.81,1.04424,0.72052,0.11069
24,"Singapore","Southeastern Asia",0.54252,2015,24,6.798,1.52186,1.02525,0.4921
25,"Panama","Latin America and Caribbean",0.5421,2015,25,6.786,1.06353,0.79661,0.0927
26,"Germany","Western Europe",0.61477,2015,26,6.75,1.32792,0.89186,0.21843
27,"Chile","Latin America and Caribbean",0.44132,2015,27,6.67,1.10715,0.85857,0.12869
28,"Qatar","Middle East and Northern Africa",0.6404,2015,28,6.611,1.69042,0.79733,0.52208
29,"France","Western Europe",0.55011,2015,29,6.575,1.27778,0.94579,0.20646
30,"Argentina","Latin America and Caribbean",0.44974,2015,30,6.574,1.05351,0.78723,0.08484
31,"Czech Republic","Central and Eastern Europe",0.46364,2015,31,6.505,1.17898,0.84483,0.02652
32,"Uruguay","Latin America and Caribbean",0.60362,2015,32,6.485,1.06166,0.8116,0.24558
33,"Colombia","Latin America and Caribbean",0.53466,2015,33,6.477,0.91861,0.69077,0.0512
34,"Thailand","Southeastern Asia",0.55664,2015,34,6.455,0.9669,0.7385,0.03187
35,"Saudi Arabia","Middle East and Northern Africa",0.31048,2015,35,6.411,1.39541,0.72025,0.32524
36,"Spain","Western Europe",0.45951,2015,36,6.329,1.23011,0.95562,0.06398
37,"Malta","Western Europe",0.60365,2015,37,6.302,1.2074,0.88721,0.13586
38,"Taiwan","Eastern Asia",0.3974,2015,38,6.298,1.29098,0.8753,0.08129
39,"Kuwait","Middle East and Northern Africa",0.55499,2015,39,6.295,1.55422,0.72492,0.25609
40,"Suriname","Latin America and Caribbean",0.59657,2015,40,6.269,0.99534,0.6082,0.13633
41,"Trinidad and Tobago","Latin America and Caribbean",0.55884,2015,41,6.168,1.21183,0.61483,0.0114
42,"El Salvador","Latin America and Caribbean",0.4035,2015,42,6.13,0.76454,0.67737,0.11776
43,"Guatemala","Latin America and Caribbean",0.57733,2015,43,6.123,0.74553,0.64425,0.09472
44,"Uzbekistan","Central and Eastern Europe",0.65821,2015,44,6.003,0.63244,0.59772,0.30826
45,"Slovakia","Central and Eastern Europe",0.31751,2015,45,5.995,1.16891,0.78902,0.03431
46,"Japan","Eastern Asia",0.49615,2015,46,5.987,1.27074,0.99111,0.1806
47,"South Korea","Eastern Asia",0.33208,2015,47,5.984,1.24461,0.96538,0.07857
48,"Ecuador","Latin America and Caribbean",0.48574,2015,48,5.975,0.86402,0.79075,0.1809
49,"Bahrain","Middle East and Northern Africa",0.45492,2015,49,5.96,1.32376,0.74716,0.306
50,"Italy","Western Europe",0.26236,2015,50,5.948,1.25114,0.95446,0.02901
51,"Bolivia","Latin America and Caribbean",0.57414,2015,51,5.89,0.68133,0.5392,0.088
52,"Moldova","Central and Eastern Europe",0.32818,2015,52,5.889,0.59448,0.61826,0.01615
53,"Paraguay","Latin America and Caribbean",0.53899,2015,53,5.878,0.75985,0.66098,0.08242
54,"Kazakhstan","Central and Eastern Europe",0.51649,2015,54,5.855,1.12254,0.64368,0.08454
55,"Slovenia","Central and Eastern Europe",0.60855,2015,55,5.848,1.18498,0.87337,0.03787
56,"Lithuania","Central and Eastern Europe",0.21342,2015,56,5.833,1.14723,0.73128,0.01031
57,"Nicaragua","Latin America and Caribbean",0.55475,2015,57,5.828,0.59325,0.74314,0.19317
58,"Peru","Latin America and Caribbean",0.41496,2015,58,5.824,0.90019,0.73017,0.05989
59,"Belarus","Central and Eastern Europe",0.37938,2015,59,5.813,1.03192,0.73608,0.1909
60,"Poland","Central and Eastern Europe",0.53122,2015,60,5.791,1.12555,0.77903,0.04212
61,"Malaysia","Southeastern Asia",0.53024,2015,61,5.77,1.12486,0.72394,0.10501
62,"Croatia","Central and Eastern Europe",0.25883,2015,62,5.759,1.08254,0.78805,0.0243
63,"Libya","Middle East and Northern Africa",0.41668,2015,63,5.754,1.13145,0.7038,0.11023
64,"Russia","Central and Eastern Europe",0.36679,2015,64,5.716,1.13764,0.66926,0.03005
65,"Jamaica","Latin America and Caribbean",0.50442,2015,65,5.709,0.81038,0.68741,0.02299
66,"North Cyprus","Western Europe",0.49027,2015,66,5.695,1.20806,0.92356,0.1428
67,"Cyprus","Western Europe",0.40672,2015,67,5.689,1.20813,0.92356,0.06146
68,"Algeria","Middle East and Northern Africa",0.28579,2015,68,5.605,0.93929,0.61766,0.17383
69,"Kosovo","Central and Eastern Europe",0.24749,2015,69,5.589,0.80148,0.63132,0.04741
70,"Turkmenistan","Central and Eastern Europe",0.4761,2015,70,5.548,0.95847,0.53886,0.30844
71,"Mauritius","Sub-Saharan Africa",0.56066,2015,71,5.477,1.00761,0.7095,0.07521
72,"Hong Kong","Eastern Asia",0.59608,2015,72,5.474,1.38604,1.01328,0.37124
73,"Estonia","Central and Eastern Europe",0.44888,2015,73,5.429,1.15174,0.77361,0.15184
74,"Indonesia","Southeastern Asia",0.46611,2015,74,5.399,0.82827,0.63793,0
75,"Vietnam","Southeastern Asia",0.59444,2015,75,5.36,0.63216,0.74676,0.10441
76,"Turkey","Middle East and Northern Africa",0.22815,2015,76,5.332,1.06098,0.73172,0.15746
77,"Kyrgyzstan","Central and Eastern Europe",0.43477,2015,77,5.286,0.47428,0.65088,0.04232
78,"Nigeria","Sub-Saharan Africa",0.34334,2015,78,5.268,0.65435,0.16007,0.0403
79,"Bhutan","Southern Asia",0.53206,2015,79,5.253,0.77042,0.57407,0.15445
80,"Azerbaijan","Central and Eastern Europe",0.3703,2015,80,5.212,1.02389,0.64045,0.16065
81,"Pakistan","Southern Asia",0.12102,2015,81,5.194,0.59543,0.51466,0.10464
82,"Jordan","Middle East and Northern Africa",0.40661,2015,82,5.192,0.90198,0.69639,0.14293
83,"Montenegro","Central and Eastern Europe",0.1826,2015,82,5.192,0.97438,0.72521,0.14296
84,"China","Eastern Asia",0.51697,2015,84,5.14,0.89012,0.81658,0.02781
85,"Zambia","Sub-Saharan Africa",0.48827,2015,85,5.129,0.47038,0.29924,0.12468
86,"Romania","Central and Eastern Europe",0.35068,2015,86,5.124,1.04345,0.7689,0.00649
87,"Serbia","Central and Eastern Europe",0.20107,2015,87,5.123,0.92053,0.74836,0.02617
88,"Portugal","Western Europe",0.51469,2015,88,5.102,1.15991,0.87519,0.01078
89,"Latvia","Central and Eastern Europe",0.29671,2015,89,5.098,1.11312,0.72437,0.06332
90,"Philippines","Southeastern Asia",0.62545,2015,90,5.073,0.70532,0.58114,0.12279
91,"Somaliland region","Sub-Saharan Africa",0.46582,2015,91,5.057,0.18847,0.43873,0.39928
92,"Morocco","Middle East and Northern Africa",0.41691,2015,92,5.013,0.73479,0.60954,0.08546
93,"Macedonia","Central and Eastern Europe",0.33457,2015,93,5.007,0.91851,0.73545,0.05327
94,"Mozambique","Sub-Saharan Africa",0.34037,2015,94,4.971,0.08308,0.09131,0.15603
95,"Albania","Central and Eastern Europe",0.35733,2015,95,4.959,0.87867,0.81325,0.06413
96,"Bosnia and Herzegovina","Central and Eastern Europe",0.09245,2015,96,4.949,0.83223,0.79081,0.00227
97,"Lesotho","Sub-Saharan Africa",0.31767,2015,97,4.898,0.37545,0.07612,0.12504
98,"Dominican Republic","Latin America and Caribbean",0.57672,2015,98,4.885,0.89537,0.66825,0.14234
99,"Laos","Southeastern Asia",0.59591,2015,99,4.876,0.59066,0.54909,0.24249
100,"Mongolia","Eastern Asia",0.43626,2015,100,4.874,0.82819,0.60268,0.02666
101,"Swaziland","Sub-Saharan Africa",0.30658,2015,101,4.867,0.71206,0.07566,0.0306
102,"Greece","Western Europe",0.07699,2015,102,4.857,1.15406,0.88213,0.01397
103,"Lebanon","Middle East and Northern Africa",0.33916,2015,103,4.839,1.02564,0.83947,0.04582
104,"Hungary","Central and Eastern Europe",0.32112,2015,104,4.8,1.12094,0.75905,0.02758
105,"Honduras","Latin America and Caribbean",0.40148,2015,105,4.788,0.59532,0.6951,0.06825
106,"Tajikistan","Central and Eastern Europe",0.47216,2015,106,4.786,0.39047,0.57379,0.15072
107,"Tunisia","Middle East and Northern Africa",0.26268,2015,107,4.739,0.88113,0.73793,0.06358
108,"Palestinian Territories","Middle East and Northern Africa",0.24499,2015,108,4.715,0.59867,0.66015,0.12905
109,"Bangladesh","Southern Asia",0.4082,2015,109,4.694,0.39753,0.60164,0.12569
110,"Iran","Middle East and Northern Africa",0.30033,2015,110,4.686,1.0088,0.69805,0.05863
111,"Ukraine","Central and Eastern Europe",0.25123,2015,111,4.681,0.79907,0.6739,0.02961
112,"Iraq","Middle East and Northern Africa",0,2015,112,4.677,0.98549,0.60237,0.13788
113,"South Africa","Sub-Saharan Africa",0.33207,2015,113,4.642,0.92049,0.27688,0.08884
114,"Ghana","Sub-Saharan Africa",0.42342,2015,114,4.633,0.54558,0.40132,0.04355
115,"Zimbabwe","Sub-Saharan Africa",0.25861,2015,115,4.61,0.271,0.33475,0.08079
116,"Liberia","Sub-Saharan Africa",0.28531,2015,116,4.571,0.0712,0.34201,0.06232
117,"India","Southern Asia",0.39786,2015,117,4.565,0.64499,0.51529,0.08492
118,"Sudan","Sub-Saharan Africa",0.10081,2015,118,4.55,0.52107,0.36878,0.1466
119,"Haiti","Latin America and Caribbean",0.24425,2015,119,4.518,0.26673,0.38847,0.17175
120,"Congo (Kinshasa)","Sub-Saharan Africa",0.22605,2015,120,4.517,0,0.09806,0.07625
121,"Nepal","Southern Asia",0.38282,2015,121,4.514,0.35997,0.56874,0.05907
122,"Ethiopia","Sub-Saharan Africa",0.4345,2015,122,4.512,0.19073,0.44055,0.15048
123,"Sierra Leone","Sub-Saharan Africa",0.4084,2015,123,4.507,0.33024,0,0.08786
124,"Mauritania","Sub-Saharan Africa",0.24232,2015,124,4.436,0.45407,0.35874,0.17461
125,"Kenya","Sub-Saharan Africa",0.42215,2015,125,4.419,0.36471,0.41435,0.05839
126,"Djibouti","Sub-Saharan Africa",0.46074,2015,126,4.369,0.44025,0.36291,0.28105
127,"Armenia","Central and Eastern Europe",0.19847,2015,127,4.35,0.76821,0.7299,0.039
128,"Botswana","Sub-Saharan Africa",0.49495,2015,128,4.332,0.99355,0.04776,0.12474
129,"Myanmar","Southeastern Asia",0.44017,2015,129,4.307,0.27108,0.48246,0.19034
130,"Georgia","Central and Eastern Europe",0.40577,2015,130,4.297,0.7419,0.72926,0.38331
131,"Malawi","Sub-Saharan Africa",0.43054,2015,131,4.292,0.01604,0.22562,0.06977
132,"Sri Lanka","Southern Asia",0.53726,2015,132,4.271,0.83524,0.70806,0.09179
133,"Cameroon","Sub-Saharan Africa",0.49309,2015,133,4.252,0.4225,0.23402,0.05786
134,"Bulgaria","Central and Eastern Europe",0.30587,2015,134,4.218,1.01216,0.76649,0.00872
135,"Egypt","Middle East and Northern Africa",0.17288,2015,135,4.194,0.8818,0.61712,0.06324
136,"Yemen","Middle East and Northern Africa",0.35571,2015,136,4.077,0.54649,0.40064,0.07854
137,"Angola","Sub-Saharan Africa",0.10384,2015,137,4.033,0.75778,0.16683,0.07122
138,"Mali","Sub-Saharan Africa",0.38857,2015,138,3.995,0.26074,0.20583,0.12352
139,"Congo (Brazzaville)","Sub-Saharan Africa",0.41466,2015,139,3.989,0.67866,0.31051,0.11686
140,"Comoros","Sub-Saharan Africa",0.22917,2015,140,3.956,0.23906,0.36315,0.199
141,"Uganda","Sub-Saharan Africa",0.45727,2015,141,3.931,0.21102,0.33861,0.07267
142,"Senegal","Sub-Saharan Africa",0.36772,2015,142,3.904,0.36498,0.4354,0.10713
143,"Gabon","Sub-Saharan Africa",0.31914,2015,143,3.896,1.06024,0.43372,0.11091
144,"Niger","Sub-Saharan Africa",0.47692,2015,144,3.845,0.0694,0.29707,0.15639
145,"Cambodia","Southeastern Asia",0.66246,2015,145,3.819,0.46038,0.61114,0.07247
146,"Tanzania","Sub-Saharan Africa",0.32878,2015,146,3.781,0.2852,0.38215,0.05747
147,"Madagascar","Sub-Saharan Africa",0.19184,2015,147,3.681,0.20824,0.46721,0.08124
148,"Central African Republic","Sub-Saharan Africa",0.48879,2015,148,3.678,0.0785,0.06699,0.08289
149,"Chad","Sub-Saharan Africa",0.23501,2015,149,3.667,0.34193,0.1501,0.05269
150,"Guinea","Sub-Saharan Africa",0.37725,2015,150,3.656,0.17417,0.24009,0.12139
151,"Ivory Coast","Sub-Saharan Africa",0.46866,2015,151,3.655,0.46534,0.15185,0.17922
152,"Burkina Faso","Sub-Saharan Africa",0.39493,2015,152,3.587,0.25812,0.27125,0.12832
153,"Afghanistan","Southern Asia",0.23414,2015,153,3.575,0.31982,0.30335,0.09719
154,"Rwanda","Sub-Saharan Africa",0.59201,2015,154,3.465,0.22208,0.42864,0.55191
155,"Benin","Sub-Saharan Africa",0.4845,2015,155,3.34,0.28665,0.3191,0.0801
156,"Syria","Middle East and Northern Africa",0.15684,2015,156,3.006,0.6632,0.72193,0.18906
157,"Burundi","Sub-Saharan Africa",0.1185,2015,157,2.905,0.0153,0.22396,0.10062
158,"Togo","Sub-Saharan Africa",0.36453,2015,158,2.839,0.20868,0.28443,0.10731
1,"Denmark","Western Europe",0.57941,2016,1,7.526,1.44178,0.79504,0.44453
2,"Switzerland","Western Europe",0.58557,2016,2,7.509,1.52733,0.86303,0.41203
3,"Iceland","Western Europe",0.56624,2016,3,7.501,1.42666,0.86733,0.14975
4,"Norway","Western Europe",0.59609,2016,4,7.498,1.57744,0.79579,0.35776
5,"Finland","Western Europe",0.57104,2016,5,7.413,1.40598,0.81091,0.41004
6,"Canada","North America",0.5737,2016,6,7.404,1.44015,0.8276,0.31329
7,"Netherlands","Western Europe",0.55211,2016,7,7.339,1.46468,0.81231,0.29927
8,"New Zealand","Australia and New Zealand",0.58147,2016,8,7.334,1.36066,0.83096,0.41904
9,"Australia","Australia and New Zealand",0.56837,2016,9,7.313,1.44443,0.8512,0.32331
10,"Sweden","Western Europe",0.58218,2016,10,7.291,1.45181,0.83121,0.40867
11,"Israel","Middle East and Northern Africa",0.36432,2016,11,7.267,1.33766,0.84917,0.08728
12,"Austria","Western Europe",0.54355,2016,12,7.119,1.45038,0.80565,0.21348
13,"United States","North America",0.48163,2016,13,7.104,1.50796,0.779,0.14868
14,"Costa Rica","Latin America and Caribbean",0.55225,2016,14,7.087,1.06879,0.76146,0.10547
15,"Puerto Rico","Latin America and Caribbean",0.46823,2016,15,7.039,1.35943,0.77758,0.12275
16,"Germany","Western Europe",0.53466,2016,16,6.994,1.44787,0.81487,0.28551
17,"Brazil","Latin America and Caribbean",0.40425,2016,17,6.952,1.08754,0.61415,0.14166
18,"Belgium","Western Europe",0.51354,2016,18,6.929,1.42539,0.81959,0.26248
19,"Ireland","Western Europe",0.54008,2016,19,6.907,1.48341,0.81455,0.29754
20,"Luxembourg","Western Europe",0.5487,2016,20,6.871,1.69752,0.84542,0.35329
21,"Mexico","Latin America and Caribbean",0.37709,2016,21,6.778,1.11508,0.71143,0.18355
22,"Singapore","Southeastern Asia",0.4877,2016,22,6.739,1.64555,0.94719,0.46987
23,"United Kingdom","Western Europe",0.50036,2016,23,6.725,1.40283,0.80991,0.27399
24,"Chile","Latin America and Caribbean",0.37789,2016,24,6.705,1.2167,0.81883,0.11451
25,"Panama","Latin America and Caribbean",0.48927,2016,25,6.701,1.18306,0.70835,0.08423
26,"Argentina","Latin America and Caribbean",0.42284,2016,26,6.65,1.15137,0.69711,0.07296
27,"Czech Republic","Central and Eastern Europe",0.41418,2016,27,6.596,1.30915,0.76376,0.03986
28,"United Arab Emirates","Middle East and Northern Africa",0.56215,2016,28,6.573,1.57352,0.72993,0.35561
29,"Uruguay","Latin America and Caribbean",0.54388,2016,29,6.545,1.18157,0.72183,0.21394
30,"Malta","Western Europe",0.54994,2016,30,6.488,1.30782,0.80315,0.17554
31,"Colombia","Latin America and Caribbean",0.44735,2016,31,6.481,1.03032,0.59659,0.05399
32,"France","Western Europe",0.46562,2016,32,6.478,1.39488,0.83795,0.17808
33,"Thailand","Southeastern Asia",0.49553,2016,33,6.474,1.0893,0.64915,0.02833
34,"Saudi Arabia","Middle East and Northern Africa",0.37904,2016,34,6.379,1.48953,0.59267,0.30008
35,"Taiwan","Eastern Asia",0.32377,2016,34,6.379,1.39729,0.79565,0.0663
36,"Qatar","Middle East and Northern Africa",0.56679,2016,36,6.375,1.82427,0.71723,0.48049
37,"Spain","Western Europe",0.37545,2016,37,6.361,1.34253,0.87896,0.06137
38,"Algeria","Middle East and Northern Africa",0.21006,2016,38,6.355,1.05266,0.61804,0.16157
39,"Guatemala","Latin America and Caribbean",0.50379,2016,39,6.324,0.83454,0.54039,0.08701
40,"Suriname","Latin America and Caribbean",0.52234,2016,40,6.269,1.09686,0.50933,0.12692
41,"Kuwait","Middle East and Northern Africa",0.43166,2016,41,6.239,1.61714,0.63569,0.23669
42,"Bahrain","Middle East and Northern Africa",0.47375,2016,42,6.218,1.44024,0.65696,0.25772
43,"Trinidad and Tobago","Latin America and Caribbean",0.48453,2016,43,6.168,1.32572,0.52608,0.01241
44,"Venezuela","Latin America and Caribbean",0.19847,2016,44,6.084,1.13367,0.61904,0.08304
45,"Slovakia","Central and Eastern Europe",0.23391,2016,45,6.078,1.27973,0.70367,0.02947
46,"El Salvador","Latin America and Caribbean",0.37269,2016,46,6.068,0.8737,0.596,0.10613
47,"Malaysia","Southeastern Asia",0.39031,2016,47,6.005,1.25142,0.62366,0.09081
48,"Nicaragua","Latin America and Caribbean",0.46582,2016,48,5.992,0.69384,0.65213,0.16292
49,"Uzbekistan","Central and Eastern Europe",0.60848,2016,49,5.987,0.73591,0.50163,0.28333
50,"Italy","Western Europe",0.18827,2016,50,5.977,1.35495,0.85102,0.02556
51,"Ecuador","Latin America and Caribbean",0.4027,2016,51,5.976,0.97306,0.68613,0.18037
52,"Belize","Latin America and Caribbean",0.51231,2016,52,5.956,0.87616,0.45569,0.10771
53,"Japan","Eastern Asia",0.46761,2016,53,5.921,1.38007,0.91491,0.18985
54,"Kazakhstan","Central and Eastern Europe",0.4052,2016,54,5.919,1.22943,0.57386,0.11132
55,"Moldova","Central and Eastern Europe",0.25202,2016,55,5.897,0.69177,0.52309,0.01903
56,"Russia","Central and Eastern Europe",0.32682,2016,56,5.856,1.23228,0.58991,0.03586
57,"Poland","Central and Eastern Europe",0.4519,2016,57,5.835,1.24585,0.69058,0.055
58,"South Korea","Eastern Asia",0.25168,2016,57,5.835,1.35948,0.88645,0.07716
59,"Bolivia","Latin America and Caribbean",0.50961,2016,59,5.822,0.79422,0.4697,0.07746
60,"Lithuania","Central and Eastern Europe",0.18929,2016,60,5.813,1.2692,0.64674,0.0182
61,"Belarus","Central and Eastern Europe",0.29091,2016,61,5.802,1.13062,0.63104,0.17457
62,"North Cyprus","Western Europe",0.43596,2016,62,5.771,1.31141,0.84142,0.16578
63,"Slovenia","Central and Eastern Europe",0.53164,2016,63,5.768,1.29947,0.79151,0.03635
64,"Peru","Latin America and Caribbean",0.37502,2016,64,5.743,0.99602,0.62994,0.05292
65,"Turkmenistan","Central and Eastern Europe",0.37408,2016,65,5.658,1.08017,0.44006,0.28467
66,"Mauritius","Sub-Saharan Africa",0.46145,2016,66,5.648,1.14372,0.66189,0.05203
67,"Libya","Middle East and Northern Africa",0.40672,2016,67,5.615,1.06688,0.52304,0.10339
68,"Latvia","Central and Eastern Europe",0.27996,2016,68,5.56,1.21788,0.63952,0.0889
69,"Cyprus","Western Europe",0.29507,2016,69,5.546,1.31857,0.8488,0.05228
70,"Paraguay","Latin America and Caribbean",0.46235,2016,70,5.538,0.89373,0.58295,0.07396
71,"Romania","Central and Eastern Europe",0.36712,2016,71,5.528,1.1697,0.67602,0.00679
72,"Estonia","Central and Eastern Europe",0.41511,2016,72,5.517,1.27964,0.68098,0.18519
73,"Jamaica","Latin America and Caribbean",0.43597,2016,73,5.51,0.89333,0.59469,0.04294
74,"Croatia","Central and Eastern Europe",0.23907,2016,74,5.488,1.18649,0.70524,0.04002
75,"Hong Kong","Eastern Asia",0.48079,2016,75,5.458,1.5107,0.95277,0.31647
76,"Somalia","Sub-Saharan Africa",0.56778,2016,76,5.44,0,0.11466,0.3118
77,"Kosovo","Central and Eastern Europe",0.14396,2016,77,5.401,0.90145,0.54,0.06547
78,"Turkey","Middle East and Northern Africa",0.23889,2016,78,5.389,1.16492,0.64718,0.12348
79,"Indonesia","Southeastern Asia",0.39237,2016,79,5.314,0.95104,0.49374,0.00322
80,"Jordan","Middle East and Northern Africa",0.36023,2016,80,5.303,0.99673,0.60712,0.13297
81,"Azerbaijan","Central and Eastern Europe",0.35327,2016,81,5.291,1.12373,0.54504,0.17914
82,"Philippines","Southeastern Asia",0.54854,2016,82,5.279,0.81217,0.47036,0.11757
83,"China","Eastern Asia",0.44012,2016,83,5.245,1.0278,0.73561,0.02745
84,"Bhutan","Southern Asia",0.46074,2016,84,5.196,0.8527,0.49759,0.1616
85,"Kyrgyzstan","Central and Eastern Europe",0.40212,2016,85,5.185,0.56044,0.55449,0.04762
86,"Serbia","Central and Eastern Europe",0.15718,2016,86,5.177,1.03437,0.6458,0.04339
87,"Bosnia and Herzegovina","Central and Eastern Europe",0.09511,2016,87,5.163,0.93383,0.70766,0
88,"Montenegro","Central and Eastern Europe",0.15111,2016,88,5.161,1.07838,0.63533,0.12721
89,"Dominican Republic","Latin America and Caribbean",0.52259,2016,89,5.155,1.02787,0.57669,0.12372
90,"Morocco","Middle East and Northern Africa",0.25646,2016,90,5.151,0.84058,0.59471,0.08404
91,"Hungary","Central and Eastern Europe",0.1977,2016,91,5.145,1.24142,0.67608,0.04472
92,"Pakistan","Southern Asia",0.14622,2016,92,5.132,0.68816,0.40306,0.1388
93,"Lebanon","Middle East and Northern Africa",0.26228,2016,93,5.129,1.12268,0.76171,0.03061
94,"Portugal","Western Europe",0.44727,2016,94,5.123,1.27607,0.79363,0.01521
95,"Macedonia","Central and Eastern Europe",0.27668,2016,95,5.121,1.0193,0.64738,0.07047
96,"Vietnam","Southeastern Asia",0.55954,2016,96,5.061,0.74037,0.66157,0.11556
97,"Somaliland Region","Sub-Saharan Africa",0.3913,2016,97,5.057,0.25558,0.33108,0.36794
98,"Tunisia","Middle East and Northern Africa",0.23553,2016,98,5.045,0.97724,0.59577,0.0817
99,"Greece","Western Europe",0.05822,2016,99,5.033,1.24886,0.80029,0.04127
100,"Tajikistan","Central and Eastern Europe",0.43408,2016,100,4.996,0.48835,0.53119,0.13509
101,"Mongolia","Eastern Asia",0.35972,2016,101,4.907,0.98853,0.55469,0.03285
102,"Laos","Southeastern Asia",0.52168,2016,102,4.876,0.68042,0.38291,0.22423
103,"Nigeria","Sub-Saharan Africa",0.27854,2016,103,4.875,0.75216,0.05108,0.0305
104,"Honduras","Latin America and Caribbean",0.26755,2016,104,4.871,0.69429,0.58383,0.06906
105,"Iran","Middle East and Northern Africa",0.22544,2016,105,4.813,1.11758,0.64232,0.0557
106,"Zambia","Sub-Saharan Africa",0.42662,2016,106,4.795,0.61202,0.23573,0.11479
107,"Nepal","Southern Asia",0.37012,2016,107,4.793,0.44626,0.50073,0.07008
108,"Palestinian Territories","Middle East and Northern Africa",0.17744,2016,108,4.754,0.67024,0.56844,0.10613
109,"Albania","Central and Eastern Europe",0.31866,2016,109,4.655,0.9553,0.73007,0.05301
110,"Bangladesh","Southern Asia",0.39778,2016,110,4.643,0.54177,0.52989,0.12583
111,"Sierra Leone","Sub-Saharan Africa",0.30685,2016,111,4.635,0.36485,0,0.08196
112,"Iraq","Middle East and Northern Africa",0.24856,2016,112,4.575,1.07474,0.51076,0.13636
113,"Namibia","Sub-Saharan Africa",0.48614,2016,113,4.574,0.93287,0.34745,0.10398
114,"Cameroon","Sub-Saharan Africa",0.42736,2016,114,4.513,0.52497,0.12698,0.06126
115,"Ethiopia","Sub-Saharan Africa",0.36703,2016,115,4.508,0.29283,0.34578,0.1717
116,"South Africa","Sub-Saharan Africa",0.42483,2016,116,4.459,1.02416,0.18611,0.08415
117,"Sri Lanka","Southern Asia",0.50817,2016,117,4.415,0.97318,0.62007,0.07964
118,"India","Southern Asia",0.40285,2016,118,4.404,0.74036,0.45091,0.08722
119,"Myanmar","Southeastern Asia",0.42692,2016,119,4.395,0.34112,0.3988,0.20243
120,"Egypt","Middle East and Northern Africa",0.18847,2016,120,4.362,0.95395,0.52116,0.10393
121,"Armenia","Central and Eastern Europe",0.14037,2016,121,4.36,0.86086,0.64083,0.03616
122,"Kenya","Sub-Saharan Africa",0.40576,2016,122,4.356,0.52267,0.30147,0.06686
123,"Ukraine","Central and Eastern Europe",0.12859,2016,123,4.324,0.87287,0.58628,0.01829
124,"Ghana","Sub-Saharan Africa",0.40973,2016,124,4.276,0.63107,0.29681,0.0326
125,"Congo (Kinshasa)","Sub-Saharan Africa",0.15602,2016,125,4.272,0.05661,0.188,0.06075
126,"Georgia","Central and Eastern Europe",0.32461,2016,126,4.252,0.83792,0.64035,0.3188
127,"Congo (Brazzaville)","Sub-Saharan Africa",0.37938,2016,127,4.236,0.77109,0.28212,0.09753
128,"Senegal","Sub-Saharan Africa",0.31056,2016,128,4.219,0.44314,0.40457,0.11681
129,"Bulgaria","Central and Eastern Europe",0.21219,2016,129,4.217,1.11306,0.67806,0.00615
130,"Mauritania","Sub-Saharan Africa",0.1268,2016,130,4.201,0.61391,0.28639,0.17955
131,"Zimbabwe","Sub-Saharan Africa",0.25429,2016,131,4.193,0.35041,0.1595,0.08582
132,"Malawi","Sub-Saharan Africa",0.4143,2016,132,4.156,0.08709,0.29364,0.07564
133,"Sudan","Sub-Saharan Africa",0,2016,133,4.139,0.63069,0.29759,0.10039
134,"Gabon","Sub-Saharan Africa",0.28098,2016,134,4.121,1.15851,0.3494,0.09314
135,"Mali","Sub-Saharan Africa",0.27544,2016,135,4.073,0.31292,0.16347,0.13647
136,"Haiti","Latin America and Caribbean",0.12072,2016,136,4.028,0.34097,0.27494,0.14476
137,"Botswana","Sub-Saharan Africa",0.44089,2016,137,3.974,1.09426,0.34752,0.10769
138,"Comoros","Sub-Saharan Africa",0.15412,2016,138,3.956,0.27509,0.29981,0.18437
139,"Ivory Coast","Sub-Saharan Africa",0.40663,2016,139,3.916,0.55507,0.04476,0.1553
140,"Cambodia","Southeastern Asia",0.58852,2016,140,3.907,0.55604,0.42494,0.08092
141,"Angola","Sub-Saharan Africa",0.00589,2016,141,3.866,0.84731,0.04991,0.08434
142,"Niger","Sub-Saharan Africa",0.38041,2016,142,3.856,0.1327,0.26162,0.17176
143,"South Sudan","Sub-Saharan Africa",0.19662,2016,143,3.832,0.39394,0.15781,0.13015
144,"Chad","Sub-Saharan Africa",0.12807,2016,144,3.763,0.42214,0.03824,0.04952
145,"Burkina Faso","Sub-Saharan Africa",0.3337,2016,145,3.739,0.31995,0.21297,0.12533
146,"Uganda","Sub-Saharan Africa",0.43653,2016,145,3.739,0.34719,0.19625,0.06442
147,"Yemen","Middle East and Northern Africa",0.2287,2016,147,3.724,0.57939,0.31048,0.05892
148,"Madagascar","Sub-Saharan Africa",0.13684,2016,148,3.695,0.27954,0.37109,0.07506
149,"Tanzania","Sub-Saharan Africa",0.3176,2016,149,3.666,0.47155,0.357,0.05099
150,"Liberia","Sub-Saharan Africa",0.25748,2016,150,3.622,0.10706,0.23165,0.04852
151,"Guinea","Sub-Saharan Africa",0.30953,2016,151,3.607,0.22415,0.18829,0.1192
152,"Rwanda","Sub-Saharan Africa",0.5432,2016,152,3.515,0.32846,0.31865,0.50521
153,"Benin","Sub-Saharan Africa",0.39747,2016,153,3.484,0.39499,0.21028,0.06681
154,"Afghanistan","Southern Asia",0.1643,2016,154,3.36,0.38227,0.17344,0.07112
155,"Togo","Sub-Saharan Africa",0.34678,2016,155,3.303,0.28123,0.24811,0.11587
156,"Syria","Middle East and Northern Africa",0.06912,2016,156,3.069,0.74719,0.62994,0.17233
157,"Burundi","Sub-Saharan Africa",0.0432,2016,157,2.905,0.06831,0.15747,0.09419
1,"Norway",NA,0.635422587394714,2017,1,7.53700017929077,1.61646318435669,0.796666502952576,0.315963834524155
2,"Denmark",NA,0.626006722450256,2017,2,7.52199983596802,1.48238301277161,0.792565524578094,0.40077006816864
3,"Iceland",NA,0.627162635326385,2017,3,7.50400018692017,1.480633020401,0.833552122116089,0.153526559472084
4,"Switzerland",NA,0.620070576667786,2017,4,7.49399995803833,1.56497955322266,0.858131289482117,0.367007285356522
5,"Finland",NA,0.617950856685638,2017,5,7.4689998626709,1.44357192516327,0.80915766954422,0.38261154294014
6,"Netherlands",NA,0.585384488105774,2017,6,7.3769998550415,1.50394463539124,0.810696125030518,0.282661825418472
7,"Canada",NA,0.611100912094116,2017,7,7.31599998474121,1.47920441627502,0.83455765247345,0.287371516227722
8,"New Zealand",NA,0.614062130451202,2017,8,7.31400012969971,1.40570604801178,0.816759705543518,0.382816702127457
9,"Sweden",NA,0.612924098968506,2017,9,7.28399991989136,1.49438726902008,0.830875158309937,0.384398728609085
10,"Australia",NA,0.601607382297516,2017,10,7.28399991989136,1.484414935112,0.84388679265976,0.301183730363846
11,"Israel",NA,0.405988603830338,2017,11,7.21299982070923,1.37538242340088,0.83840399980545,0.0852421000599861
12,"Costa Rica",NA,0.580131649971008,2017,12,7.0789999961853,1.10970628261566,0.759509265422821,0.100106589496136
13,"Austria",NA,0.567766189575195,2017,13,7.00600004196167,1.48709726333618,0.815328419208527,0.221060365438461
14,"United States",NA,0.505740523338318,2017,14,6.99300003051758,1.54625928401947,0.77428662776947,0.135638788342476
15,"Ireland",NA,0.573110342025757,2017,15,6.97700023651123,1.53570663928986,0.80978262424469,0.29838815331459
16,"Germany",NA,0.562511384487152,2017,16,6.95100021362305,1.48792338371277,0.798950731754303,0.276731938123703
17,"Belgium",NA,0.539770722389221,2017,17,6.89099979400635,1.46378076076508,0.818091869354248,0.251343131065369
18,"Luxembourg",NA,0.59662789106369,2017,18,6.86299991607666,1.74194359779358,0.845089495182037,0.31883442401886
19,"United Kingdom",NA,0.508190035820007,2017,19,6.71400022506714,1.44163393974304,0.805335938930511,0.265428066253662
20,"Chile",NA,0.376895278692245,2017,20,6.65199995040894,1.25278460979462,0.819479703903198,0.0822879821062088
21,"United Arab Emirates",NA,0.60834527015686,2017,21,6.64799976348877,1.62634336948395,0.726798236370087,0.324489563703537
22,"Brazil",NA,0.437453746795654,2017,22,6.63500022888184,1.10735321044922,0.616552352905273,0.111092761158943
23,"Czech Republic",NA,0.490946173667908,2017,23,6.60900020599365,1.35268235206604,0.754444003105164,0.0368729270994663
24,"Argentina",NA,0.494519203901291,2017,24,6.59899997711182,1.18529546260834,0.695137083530426,0.059739887714386
25,"Mexico",NA,0.412730008363724,2017,25,6.57800006866455,1.15318381786346,0.709978997707367,0.132774114608765
26,"Singapore",NA,0.549840569496155,2017,26,6.57200002670288,1.69227766990662,0.949492394924164,0.46430778503418
27,"Malta",NA,0.588767051696777,2017,27,6.52699995040894,1.34327983856201,0.821944236755371,0.153066068887711
28,"Uruguay",NA,0.57939225435257,2017,28,6.4539999961853,1.21755969524384,0.719216823577881,0.178061872720718
29,"Guatemala",NA,0.531310617923737,2017,29,6.4539999961853,0.872001945972443,0.540239989757538,0.0772232785820961
30,"Panama",NA,0.550026834011078,2017,30,6.4520001411438,1.23374843597412,0.706156134605408,0.070983923971653
31,"France",NA,0.470222115516663,2017,31,6.44199991226196,1.43092346191406,0.844465851783752,0.172502428293228
32,"Thailand",NA,0.580200731754303,2017,32,6.42399978637695,1.12786877155304,0.647239029407501,0.0316127352416515
33,"Taiwan Province of China",NA,0.361466586589813,2017,33,6.42199993133545,1.43362653255463,0.793984234333038,0.0638292357325554
34,"Spain",NA,0.408781230449677,2017,34,6.40299987792969,1.38439786434174,0.888960599899292,0.0709140971302986
35,"Qatar",NA,0.604130983352661,2017,35,6.375,1.87076568603516,0.710098087787628,0.439299255609512
36,"Colombia",NA,0.477487415075302,2017,36,6.35699987411499,1.07062232494354,0.595027923583984,0.0466687418520451
37,"Saudi Arabia",NA,0.449750572443008,2017,37,6.3439998626709,1.53062355518341,0.590148329734802,0.27343225479126
38,"Trinidad and Tobago",NA,0.518630743026733,2017,38,6.16800022125244,1.36135590076447,0.519983291625977,0.00896481610834599
39,"Kuwait",NA,0.496337592601776,2017,39,6.10500001907349,1.63295245170593,0.632105708122253,0.215159550309181
40,"Slovakia",NA,0.295817464590073,2017,40,6.09800004959106,1.32539355754852,0.712732911109924,0.0242108516395092
41,"Bahrain",NA,0.536746919155121,2017,41,6.08699989318848,1.48841226100922,0.653133034706116,0.257042169570923
42,"Malaysia",NA,0.402264982461929,2017,42,6.08400011062622,1.29121541976929,0.618784427642822,0.0656007081270218
43,"Nicaragua",NA,0.447551846504211,2017,43,6.07100009918213,0.737299203872681,0.653095960617065,0.130687981843948
44,"Ecuador",NA,0.4551981985569,2017,44,6.00799989700317,1.00082039833069,0.685636222362518,0.140134647488594
45,"El Salvador",NA,0.432452529668808,2017,45,6.00299978256226,0.909784495830536,0.596018552780151,0.0899809598922729
46,"Poland",NA,0.520342111587524,2017,46,5.97300004959106,1.29178786277771,0.699475347995758,0.0593078061938286
47,"Uzbekistan",NA,0.658248662948608,2017,47,5.97100019454956,0.786441087722778,0.498272627592087,0.246528223156929
48,"Italy",NA,0.256450712680817,2017,48,5.96400022506714,1.39506661891937,0.853144347667694,0.0280280914157629
49,"Russia",NA,0.373783111572266,2017,49,5.96299982070923,1.28177809715271,0.547349333763123,0.0329628810286522
50,"Belize",NA,0.547509372234344,2017,50,5.95599985122681,0.907975316047668,0.450191766023636,0.0965810716152191
51,"Japan",NA,0.505625545978546,2017,51,5.92000007629395,1.41691517829895,0.913475871086121,0.163760736584663
52,"Lithuania",NA,0.234231784939766,2017,52,5.90199995040894,1.31458234786987,0.62894994020462,0.0118656428530812
53,"Algeria",NA,0.233335807919502,2017,53,5.87200021743774,1.09186446666718,0.617584645748138,0.146096110343933
54,"Latvia",NA,0.325707912445068,2017,54,5.84999990463257,1.26074862480164,0.638566970825195,0.0738427266478539
55,"South Korea",NA,0.257921665906906,2017,55,5.83799982070923,1.40167844295502,0.900214076042175,0.0632826685905457
56,"Moldova",NA,0.240729048848152,2017,56,5.83799982070923,0.728870630264282,0.589465200901031,0.0100912861526012
57,"Romania",NA,0.457003742456436,2017,57,5.82499980926514,1.21768391132355,0.685158312320709,0.00438790069893003
58,"Bolivia",NA,0.558732926845551,2017,58,5.82299995422363,0.833756566047668,0.473630249500275,0.0604777261614799
59,"Turkmenistan",NA,0.41827192902565,2017,59,5.82200002670288,1.13077676296234,0.437726080417633,0.259270340204239
60,"Kazakhstan",NA,0.437454283237457,2017,60,5.81899976730347,1.28455626964569,0.606041550636292,0.119282886385918
61,"North Cyprus",NA,0.471203625202179,2017,61,5.80999994277954,1.3469113111496,0.834647238254547,0.155353352427483
62,"Slovenia",NA,0.572575807571411,2017,62,5.75799989700317,1.3412059545517,0.790828227996826,0.0451289787888527
63,"Peru",NA,0.450002878904343,2017,63,5.71500015258789,1.03522527217865,0.630166113376617,0.0470490865409374
64,"Mauritius",NA,0.491247326135635,2017,64,5.62900018692017,1.18939554691315,0.638007462024689,0.0421815551817417
65,"Cyprus",NA,0.355111539363861,2017,65,5.62099981307983,1.35593807697296,0.84471470117569,0.0412379764020443
66,"Estonia",NA,0.479131430387497,2017,66,5.61100006103516,1.32087934017181,0.695168316364288,0.183248922228813
67,"Belarus",NA,0.295400261878967,2017,67,5.56899976730347,1.15655755996704,0.637714266777039,0.156313821673393
68,"Libya",NA,0.465733230113983,2017,68,5.52500009536743,1.10180306434631,0.520169019699097,0.0926102101802826
69,"Turkey",NA,0.300740599632263,2017,69,5.5,1.19827437400818,0.637605607509613,0.0996715798974037
70,"Paraguay",NA,0.473507791757584,2017,70,5.49300003051758,0.932537317276001,0.579250693321228,0.091065913438797
71,"Hong Kong S.A.R., China",NA,0.490968644618988,2017,71,5.47200012207031,1.55167484283447,0.943062424659729,0.293933749198914
72,"Philippines",NA,0.585214674472809,2017,72,5.42999982833862,0.85769921541214,0.468009054660797,0.0993318930268288
73,"Serbia",NA,0.208715528249741,2017,73,5.39499998092651,1.06931757926941,0.65078467130661,0.0409037806093693
74,"Jordan",NA,0.418421149253845,2017,74,5.33599996566772,0.991012394428253,0.604590058326721,0.11980327218771
75,"Hungary",NA,0.175863519310951,2017,75,5.32399988174438,1.2860119342804,0.687763452529907,0.0366369374096394
76,"Jamaica",NA,0.474307239055634,2017,76,5.31099987030029,0.925579309463501,0.641022384166718,0.0552677810192108
77,"Croatia",NA,0.255772292613983,2017,77,5.29300022125244,1.22255623340607,0.701288521289825,0.0431031100451946
78,"Kosovo",NA,0.260287940502167,2017,78,5.27899980545044,0.951484382152557,0.541452050209045,0.0574716180562973
79,"China",NA,0.472787708044052,2017,79,5.27299976348877,1.08116579055786,0.741415500640869,0.0227942746132612
80,"Pakistan",NA,0.23521526157856,2017,80,5.26900005340576,0.72688353061676,0.402047783136368,0.124348066747189
81,"Indonesia",NA,0.443323463201523,2017,81,5.26200008392334,0.995538592338562,0.492345720529556,0.0153171354904771
82,"Venezuela",NA,0.153997123241425,2017,82,5.25,1.12843120098114,0.617144227027893,0.0644911229610443
83,"Montenegro",NA,0.194989055395126,2017,83,5.23699998855591,1.12112903594971,0.667464673519135,0.0881741940975189
84,"Morocco",NA,0.408158332109451,2017,84,5.2350001335144,0.878114581108093,0.59771066904068,0.0877631828188896
85,"Azerbaijan",NA,0.398155838251114,2017,85,5.23400020599365,1.15360176563263,0.540775775909424,0.180987507104874
86,"Dominican Republic",NA,0.55258983373642,2017,86,5.23000001907349,1.07937383651733,0.574873745441437,0.113945253193378
87,"Greece",NA,0.0957312509417534,2017,87,5.22700023651123,1.28948748111725,0.810198903083801,0.04328977689147
88,"Lebanon",NA,0.288515985012054,2017,88,5.22499990463257,1.07498753070831,0.735081076622009,0.037513829767704
89,"Portugal",NA,0.498465299606323,2017,89,5.19500017166138,1.3151752948761,0.795843541622162,0.0158694516867399
90,"Bosnia and Herzegovina",NA,0.204403176903725,2017,90,5.18200016021729,0.982409417629242,0.705186307430267,0
91,"Honduras",NA,0.348079860210419,2017,91,5.18100023269653,0.730573117733002,0.582569479942322,0.0733454525470734
92,"Macedonia",NA,0.325905978679657,2017,92,5.17500019073486,1.06457793712616,0.644948184490204,0.0602777935564518
93,"Somalia",NA,0.602126955986023,2017,93,5.15100002288818,0.0226431842893362,0.113989137113094,0.282410323619843
94,"Vietnam",NA,0.571055591106415,2017,94,5.07399988174438,0.788547575473785,0.652168989181519,0.0876332372426987
95,"Nigeria",NA,0.394952565431595,2017,95,5.07399988174438,0.783756256103516,0.0569157302379608,0.0261215660721064
96,"Tajikistan",NA,0.471566706895828,2017,96,5.04099988937378,0.524713635444641,0.529235124588013,0.146377146244049
97,"Bhutan",NA,0.501537680625916,2017,97,5.01100015640259,0.885416388511658,0.495879292488098,0.173380389809608
98,"Kyrgyzstan",NA,0.454943388700485,2017,98,5.00400018692017,0.596220076084137,0.553457796573639,0.0394391790032387
99,"Nepal",NA,0.440305948257446,2017,99,4.96199989318848,0.479820191860199,0.504130780696869,0.0729755461215973
100,"Mongolia",NA,0.394143968820572,2017,100,4.95499992370605,1.02723586559296,0.557783484458923,0.0329022891819477
101,"South Africa",NA,0.479246735572815,2017,101,4.8289999961853,1.05469870567322,0.187080070376396,0.0725094974040985
102,"Tunisia",NA,0.289680689573288,2017,102,4.80499982833862,1.00726580619812,0.613212049007416,0.0867231488227844
103,"Palestinian Territories",NA,0.25471106171608,2017,103,4.77500009536743,0.716249227523804,0.565666973590851,0.0892826020717621
104,"Egypt",NA,0.282110154628754,2017,104,4.7350001335144,0.989701807498932,0.520187258720398,0.114381365478039
105,"Bulgaria",NA,0.289231717586517,2017,105,4.71400022506714,1.1614590883255,0.708217680454254,0.0110515309497714
106,"Sierra Leone",NA,0.318697690963745,2017,106,4.70900011062622,0.36842092871666,0.00556475389748812,0.0710951760411263
107,"Cameroon",NA,0.430388748645782,2017,107,4.69500017166138,0.564305365085602,0.132892116904259,0.0513066314160824
108,"Iran",NA,0.249322608113289,2017,108,4.69199991226196,1.15687310695648,0.639333188533783,0.048761073499918
109,"Albania",NA,0.381498634815216,2017,109,4.64400005340576,0.996192753314972,0.731159746646881,0.0398642159998417
110,"Bangladesh",NA,0.478356659412384,2017,110,4.60799980163574,0.586682975292206,0.533241033554077,0.123717859387398
111,"Namibia",NA,0.520303547382355,2017,111,4.57399988174438,0.964434325695038,0.33861181139946,0.0931469723582268
112,"Kenya",NA,0.452763766050339,2017,112,4.55299997329712,0.560479462146759,0.309988349676132,0.0646413192152977
113,"Mozambique",NA,0.480791091918945,2017,113,4.55000019073486,0.234305649995804,0.106654435396194,0.179436385631561
114,"Myanmar",NA,0.514492034912109,2017,114,4.54500007629395,0.367110550403595,0.397522568702698,0.188816204667091
115,"Senegal",NA,0.377922266721725,2017,115,4.53499984741211,0.479309022426605,0.409362852573395,0.115460447967052
116,"Zambia",NA,0.461603492498398,2017,116,4.51399993896484,0.636406779289246,0.257835894823074,0.0782135501503944
117,"Iraq",NA,0.288555532693863,2017,117,4.49700021743774,1.10271048545837,0.501180469989777,0.107215754687786
118,"Gabon",NA,0.312328577041626,2017,118,4.46500015258789,1.1982102394104,0.356578588485718,0.0760467872023582
119,"Ethiopia",NA,0.408842742443085,2017,119,4.46000003814697,0.339233845472336,0.353409707546234,0.165455713868141
120,"Sri Lanka",NA,0.561213254928589,2017,120,4.44000005722046,1.00985014438629,0.625130832195282,0.0736539661884308
121,"Armenia",NA,0.198303267359734,2017,121,4.37599992752075,0.900596737861633,0.637524425983429,0.0266744215041399
122,"India",NA,0.469987004995346,2017,122,4.31500005722046,0.792221248149872,0.455427616834641,0.0922268852591515
123,"Mauritania",NA,0.0960980430245399,2017,123,4.29199981689453,0.648457288742065,0.285349279642105,0.136957004666328
124,"Congo (Brazzaville)",NA,0.435025870800018,2017,124,4.29099988937378,0.808964252471924,0.28995743393898,0.0796181336045265
125,"Georgia",NA,0.309410035610199,2017,125,4.28599977493286,0.950612664222717,0.649546980857849,0.251666635274887
126,"Congo (Kinshasa)",NA,0.235961347818375,2017,126,4.28000020980835,0.0921023488044739,0.191407024860382,0.0602413564920425
127,"Mali",NA,0.306613743305206,2017,127,4.19000005722046,0.476180493831635,0.169365674257278,0.104970246553421
128,"Ivory Coast",NA,0.447706192731857,2017,128,4.17999982833862,0.603048920631409,0.0486421696841717,0.130061775445938
129,"Cambodia",NA,0.633375823497772,2017,129,4.16800022125244,0.601765096187592,0.429783403873444,0.0681059509515762
130,"Sudan",NA,0.0149958552792668,2017,130,4.13899993896484,0.65951669216156,0.290920823812485,0.089847519993782
131,"Ghana",NA,0.423026293516159,2017,131,4.11999988555908,0.667224824428558,0.295637726783752,0.0253363698720932
132,"Ukraine",NA,0.122974775731564,2017,132,4.09600019454956,0.89465194940567,0.575903952121735,0.0230294708162546
133,"Uganda",NA,0.443185955286026,2017,133,4.08099985122681,0.381430715322495,0.217632606625557,0.057069718837738
134,"Burkina Faso",NA,0.324367851018906,2017,134,4.03200006484985,0.3502277135849,0.215844258666039,0.120328105986118
135,"Niger",NA,0.36365869641304,2017,135,4.02799987792969,0.161925330758095,0.26850500702858,0.138572946190834
136,"Malawi",NA,0.466914653778076,2017,136,3.97000002861023,0.233442038297653,0.315089583396912,0.0727116540074348
137,"Chad",NA,0.16234202682972,2017,137,3.93600010871887,0.438012987375259,0.0411347150802612,0.0535818822681904
138,"Zimbabwe",NA,0.336384207010269,2017,138,3.875,0.375846534967422,0.196763753890991,0.0953753814101219
139,"Lesotho",NA,0.390661299228668,2017,139,3.80800008773804,0.521021246910095,0,0.119094640016556
140,"Angola",NA,0,2017,140,3.79500007629395,0.858428180217743,0.0498686656355858,0.0697203353047371
141,"Afghanistan",NA,0.106179520487785,2017,141,3.79399991035461,0.401477217674255,0.180746778845787,0.0611578300595284
142,"Botswana",NA,0.505196332931519,2017,142,3.76600003242493,1.12209415435791,0.341755509376526,0.0985831990838051
143,"Benin",NA,0.425962775945663,2017,143,3.65700006484985,0.431085407733917,0.209930211305618,0.0609290152788162
144,"Madagascar",NA,0.189196765422821,2017,144,3.64400005340576,0.305808693170547,0.375223308801651,0.0672319754958153
145,"Haiti",NA,0.0303698573261499,2017,145,3.6029999256134,0.368610262870789,0.277321130037308,0.0998721495270729
146,"Yemen",NA,0.249463722109795,2017,146,3.59299993515015,0.591683447360992,0.310080915689468,0.0567674227058887
147,"South Sudan",NA,0.147062435746193,2017,147,3.59100008010864,0.39724862575531,0.163486003875732,0.116793513298035
148,"Liberia",NA,0.332881182432175,2017,148,3.53299999237061,0.119041793048382,0.229918196797371,0.0389482490718365
149,"Guinea",NA,0.348587512969971,2017,149,3.50699996948242,0.244549930095673,0.194129139184952,0.110937617719173
150,"Togo",NA,0.38042613863945,2017,150,3.49499988555908,0.305444717407227,0.247105568647385,0.0956650152802467
151,"Rwanda",NA,0.581843852996826,2017,151,3.47099995613098,0.368745893239975,0.326424807310104,0.455220013856888
152,"Syria",NA,0.0815394446253777,2017,152,3.46199989318848,0.777153134346008,0.50053334236145,0.151347130537033
153,"Tanzania",NA,0.390017777681351,2017,153,3.34899997711182,0.511135876178741,0.364509284496307,0.0660351067781448
154,"Burundi",NA,0.0599007532000542,2017,154,2.90499997138977,0.091622568666935,0.151610791683197,0.0841479450464249
155,"Central African Republic",NA,0.270842045545578,2017,155,2.69300007820129,0,0.0187726859003305,0.0565650761127472
1,"Finland",NA,0.681,2018,1,7.632,1.305,0.874,107
2,"Norway",NA,0.686,2018,2,7.594,1.456,0.861,103
3,"Denmark",NA,0.683,2018,3,7.555,1.351,0.868,108
4,"Iceland",NA,0.677,2018,4,7.495,1.343,0.914,78
5,"Switzerland",NA,0.66,2018,5,7.487,1.42,0.927,104
6,"Netherlands",NA,0.638,2018,6,7.441,1.361,0.878,99
7,"Canada",NA,0.653,2018,7,7.328,1.33,0.896,98
8,"New Zealand",NA,0.669,2018,8,7.324,1.268,0.876,106
9,"Sweden",NA,0.659,2018,9,7.314,1.355,0.913,105
10,"Australia",NA,0.647,2018,10,7.272,1.34,0.91,100
11,"United Kingdom",NA,0.464,2018,11,7.19,1.244,0.888,50
12,"Austria",NA,0.617,2018,12,7.139,1.341,0.891,92
13,"Costa Rica",NA,0.632,2018,13,7.072,1.01,0.817,59
14,"Ireland",NA,0.614,2018,14,6.977,1.448,0.876,101
15,"Germany",NA,0.586,2018,15,6.965,1.34,0.861,96
16,"Belgium",NA,0.583,2018,16,6.927,1.324,0.894,93
17,"Luxembourg",NA,0.632,2018,17,6.91,1.576,0.896,102
18,"United States",NA,0.547,2018,18,6.886,1.398,0.819,74
19,"Israel",NA,0.533,2018,19,6.814,1.301,0.883,95
20,"United Arab Emirates",NA,0.284,2018,20,6.774,2.096,0.67,111
21,"Czech Republic",NA,0.543,2018,21,6.711,1.233,0.854,18
22,"Malta",NA,0.645,2018,22,6.627,1.27,0.884,79
23,"France",NA,0.52,2018,23,6.489,1.293,0.908,89
24,"Mexico",NA,0.479,2018,24,6.488,1.038,0.761,56
25,"Chile",NA,0.431,2018,25,6.476,1.131,0.808,36
26,"Taiwan",NA,0.418,2018,26,6.441,1.365,0.857,46
27,"Panama",NA,0.597,2018,27,6.43,1.112,0.759,37
28,"Brazil",NA,0.493,2018,28,6.419,0.986,0.675,51
29,"Argentina",NA,0.57,2018,29,6.388,1.073,0.744,31
30,"Guatemala",NA,0.604,2018,30,6.382,0.781,0.608,42
31,"Uruguay",NA,0.625,2018,31,6.379,1.093,0.771,85
32,"Qatar",NA,0.654,2018,32,6.374,1.649,0.748,87
33,"Saudi Arabia",NA,0.509,2018,33,6.371,1.379,0.633,71
34,"Singapore",NA,0.631,2018,34,6.343,1.529,1.008,110
35,"Malaysia",NA,0.356,2018,35,6.322,1.161,0.669,34
36,"Spain",NA,0.449,2018,36,6.31,1.251,0.965,43
37,"Colombia",NA,0.531,2018,37,6.26,0.96,0.635,23
38,"Trinidad & Tobago",NA,0.575,2018,38,6.192,1.223,0.564,9
39,"Slovakia",NA,0.354,2018,39,6.173,1.21,0.776,6
40,"El Salvador",NA,0.461,2018,40,6.167,0.806,0.639,50
41,"Nicaragua",NA,0.527,2018,41,6.141,0.668,0.7,72
42,"Poland",NA,0.546,2018,42,6.123,1.176,0.781,38
43,"Bahrain",NA,0.594,2018,43,6.105,1.338,0.698,70
44,"Uzbekistan",NA,0.724,2018,44,6.096,0.719,0.605,94
45,"Kuwait",NA,0.554,2018,45,6.083,1.474,0.675,63
46,"Thailand",NA,0.637,2018,46,6.072,1.016,0.707,14
47,"Italy",NA,0.281,2018,47,6,1.264,0.946,13
48,"Ecuador",NA,0.556,2018,48,5.973,0.889,0.736,68
49,"Belize",NA,0.593,2018,49,5.956,0.807,0.474,52
50,"Lithuania",NA,0.35,2018,50,5.952,1.197,0.716,3
51,"Slovenia",NA,0.633,2018,51,5.948,1.219,0.856,28
52,"Romania",NA,0.528,2018,52,5.945,1.116,0.726,2
53,"Latvia",NA,0.363,2018,53,5.933,1.148,0.671,40
54,"Japan",NA,0.553,2018,54,5.915,1.294,0.988,83
55,"Mauritius",NA,0.584,2018,55,5.891,1.09,0.684,27
56,"Jamaica",NA,0.575,2018,56,5.89,0.819,0.693,16
57,"South Korea",NA,0.244,2018,57,5.875,1.266,0.955,28
58,"Northern Cyprus",NA,0.495,2018,58,5.835,1.229,0.909,84
59,"Russia",NA,0.399,2018,59,5.81,1.151,0.599,12
60,"Kazakhstan",NA,0.454,2018,60,5.79,1.143,0.631,69
61,"Cyprus",NA,0.423,2018,61,5.762,1.229,0.909,19
62,"Bolivia",NA,0.606,2018,62,5.752,0.751,0.508,31
63,"Estonia",NA,0.553,2018,63,5.739,1.2,0.737,88
64,"Paraguay",NA,0.541,2018,64,5.681,0.835,0.615,43
65,"Peru",NA,0.53,2018,65,5.663,0.934,0.674,18
66,"Kosovo",NA,0.448,2018,66,5.662,0.855,0.578,11
67,"Moldova",NA,0.232,2018,67,5.64,0.657,0.62,1
68,"Turkmenistan",NA,0.417,2018,68,5.636,1.016,0.517,21
69,"Hungary",NA,0.259,2018,69,5.62,1.171,0.732,10
70,"Libya",NA,0.496,2018,70,5.566,0.985,0.553,82
71,"Philippines",NA,0.643,2018,71,5.524,0.775,0.513,62
72,"Honduras",NA,0.459,2018,72,5.504,0.62,0.622,43
73,"Belarus",NA,0.307,2018,73,5.483,1.039,0.7,84
74,"Turkey",NA,0.324,2018,74,5.483,1.148,0.686,65
75,"Pakistan",NA,0.334,2018,75,5.472,0.652,0.424,67
76,"Hong Kong",NA,0.524,2018,76,5.43,1.405,1.03,98
77,"Portugal",NA,0.562,2018,77,5.41,1.188,0.884,7
78,"Serbia",NA,0.288,2018,78,5.398,0.975,0.685,24
79,"Greece",NA,0.131,2018,79,5.358,1.154,0.879,25
80,"Lebanon",NA,0.503,2018,80,5.358,0.965,0.785,77
81,"Montenegro",NA,0.259,2018,81,5.347,1.017,0.729,49
82,"Croatia",NA,0.38,2018,82,5.321,1.115,0.737,23
83,"Dominican Republic",NA,0.578,2018,83,5.302,0.982,0.614,63
84,"Algeria",NA,0.077,2018,84,5.295,0.979,0.687,76
85,"Morocco",NA,0.46,2018,85,5.254,0.779,0.669,43
86,"China",NA,0.597,2018,86,5.246,0.989,0.799,60
87,"Azerbaijan",NA,0.43,2018,87,5.201,1.024,0.603,89
88,"Tajikistan",NA,0.292,2018,88,5.199,0.474,0.598,18
89,"Macedonia",NA,0.394,2018,89,5.185,0.959,0.691,29
90,"Jordan",NA,0.468,2018,90,5.161,0.822,0.645,75
91,"Nigeria",NA,0.462,2018,91,5.155,0.689,0.048,17
92,"Kyrgyzstan",NA,0.54,2018,92,5.131,0.53,0.594,19
93,"Bosnia and Herzegovina",NA,0.28,2018,93,5.129,0.915,0.758,1
94,"Mongolia",NA,0.395,2018,94,5.125,0.914,0.575,17
95,"Vietnam",NA,0.618,2018,95,5.103,0.715,0.702,47
96,"Indonesia",NA,0.538,2018,96,5.093,0.899,0.522,8
97,"Bhutan",NA,0.541,2018,97,5.082,0.796,0.527,87
98,"Somalia",NA,0.674,2018,98,4.982,0,0.115,97
99,"Cameroon",NA,0.454,2018,99,4.975,0.535,0.182,24
100,"Bulgaria",NA,0.359,2018,100,4.933,1.054,0.712,4
101,"Nepal",NA,0.526,2018,101,4.88,0.425,0.539,46
102,"Venezuela",NA,0.133,2018,102,4.806,0.996,0.657,29
103,"Gabon",NA,0.356,2018,103,4.758,1.036,0.404,29
104,"Palestinian Territories",NA,0.266,2018,104,4.743,0.642,0.602,44
105,"South Africa",NA,0.516,2018,105,4.724,0.94,0.33,33
106,"Iran",NA,0.459,2018,106,4.707,1.059,0.691,73
107,"Ivory Coast",NA,0.467,2018,107,4.671,0.541,0.08,60
108,"Ghana",NA,0.499,2018,108,4.657,0.592,0.337,14
109,"Senegal",NA,0.406,2018,109,4.631,0.429,0.433,50
110,"Laos",NA,0.626,2018,110,4.623,0.72,0.441,88
111,"Tunisia",NA,0.271,2018,111,4.592,0.9,0.69,37
112,"Albania",NA,0.419,2018,112,4.586,0.916,0.79,17
113,"Sierra Leone",NA,0.355,2018,113,4.571,0.256,0,30
114,"Congo (Brazzaville)",NA,0.514,2018,114,4.559,0.682,0.343,45
115,"Bangladesh",NA,0.58,2018,115,4.5,0.532,0.579,80
116,"Sri Lanka",NA,0.585,2018,116,4.471,0.918,0.672,27
117,"Iraq",NA,0.304,2018,117,4.456,1.01,0.536,56
118,"Mali",NA,0.367,2018,118,4.447,0.37,0.152,33
119,"Namibia",NA,0.519,2018,119,4.441,0.874,0.365,38
120,"Cambodia",NA,0.696,2018,120,4.433,0.549,0.457,39
121,"Burkina Faso",NA,0.312,2018,121,4.424,0.314,0.254,72
122,"Egypt",NA,0.312,2018,122,4.419,0.885,0.553,64
123,"Mozambique",NA,0.531,2018,123,4.417,0.198,0.173,86
124,"Kenya",NA,0.504,2018,124,4.41,0.493,0.454,32
125,"Zambia",NA,0.503,2018,125,4.377,0.562,0.295,50
126,"Mauritania",NA,0.129,2018,126,4.356,0.557,0.292,54
127,"Ethiopia",NA,0.452,2018,127,4.35,0.308,0.391,81
128,"Georgia",NA,0.375,2018,128,4.34,0.853,0.643,91
129,"Armenia",NA,0.26,2018,129,4.321,0.816,0.666,13
130,"Myanmar",NA,0.58,2018,130,4.308,0.682,0.429,90
131,"Chad",NA,0.189,2018,131,4.301,0.358,0.053,35
132,"Congo (Kinshasa)",NA,0.312,2018,132,4.245,0.069,0.204,29
133,"India",NA,0.539,2018,133,4.19,0.721,0.485,54
134,"Niger",NA,0.39,2018,134,4.166,0.131,0.221,58
135,"Uganda",NA,0.45,2018,135,4.161,0.322,0.237,36
136,"Benin",NA,0.44,2018,136,4.141,0.378,0.24,41
137,"Sudan",NA,0.016,2018,137,4.139,0.605,0.312,50
138,"Ukraine",NA,0.163,2018,138,4.103,0.793,0.609,5
139,"Togo",NA,0.434,2018,139,3.999,0.259,0.253,59
140,"Guinea",NA,0.394,2018,140,3.964,0.344,0.211,55
141,"Lesotho",NA,0.423,2018,141,3.808,0.472,0.079,66
142,"Angola",NA,0,2018,142,3.795,0.73,0.269,36
143,"Madagascar",NA,0.221,2018,143,3.774,0.262,0.402,26
144,"Zimbabwe",NA,0.406,2018,144,3.692,0.357,0.248,58
145,"Afghanistan",NA,0.085,2018,145,3.632,0.332,0.255,20
146,"Botswana",NA,0.557,2018,146,3.59,1.017,0.417,53
147,"Malawi",NA,0.531,2018,147,3.587,0.186,0.306,48
148,"Haiti",NA,0.025,2018,148,3.582,0.315,0.289,61
149,"Liberia",NA,0.419,2018,149,3.495,0.076,0.267,15
150,"Syria",NA,0.088,2018,150,3.462,0.689,0.539,80
151,"Rwanda",NA,0.636,2018,151,3.408,0.332,0.4,109
152,"Yemen",NA,0.244,2018,152,3.355,0.442,0.343,38
153,"Tanzania",NA,0.481,2018,153,3.303,0.455,0.381,57
154,"South Sudan",NA,0.112,2018,154,3.254,0.337,0.177,63
155,"Central African Republic",NA,0.305,2018,155,3.083,0.024,0.01,22
156,"Burundi",NA,0.065,2018,156,2.905,0.091,0.145,44
1,"Finland",NA,0.596,2019,1,7.769,1.34,0.986,0.393
2,"Denmark",NA,0.592,2019,2,7.6,1.383,0.996,0.41
3,"Norway",NA,0.603,2019,3,7.554,1.488,1.028,0.341
4,"Iceland",NA,0.591,2019,4,7.494,1.38,1.026,0.118
5,"Netherlands",NA,0.557,2019,5,7.488,1.396,0.999,0.298
6,"Switzerland",NA,0.572,2019,6,7.48,1.452,1.052,0.343
7,"Sweden",NA,0.574,2019,7,7.343,1.387,1.009,0.373
8,"New Zealand",NA,0.585,2019,8,7.307,1.303,1.026,0.38
9,"Canada",NA,0.584,2019,9,7.278,1.365,1.039,0.308
10,"Austria",NA,0.532,2019,10,7.246,1.376,1.016,0.226
11,"Australia",NA,0.557,2019,11,7.228,1.372,1.036,0.29
12,"Costa Rica",NA,0.558,2019,12,7.167,1.034,0.963,0.093
13,"Israel",NA,0.371,2019,13,7.139,1.276,1.029,0.082
14,"Luxembourg",NA,0.526,2019,14,7.09,1.609,1.012,0.316
15,"United Kingdom",NA,0.45,2019,15,7.054,1.333,0.996,0.278
16,"Ireland",NA,0.516,2019,16,7.021,1.499,0.999,0.31
17,"Germany",NA,0.495,2019,17,6.985,1.373,0.987,0.265
18,"Belgium",NA,0.473,2019,18,6.923,1.356,0.986,0.21
19,"United States",NA,0.454,2019,19,6.892,1.433,0.874,0.128
20,"Czech Republic",NA,0.457,2019,20,6.852,1.269,0.92,0.036
21,"United Arab Emirates",NA,0.598,2019,21,6.825,1.503,0.825,0.182
22,"Malta",NA,0.564,2019,22,6.726,1.3,0.999,0.151
23,"Mexico",NA,0.433,2019,23,6.595,1.07,0.861,0.073
24,"France",NA,0.436,2019,24,6.592,1.324,1.045,0.183
25,"Taiwan",NA,0.351,2019,25,6.446,1.368,0.914,0.097
26,"Chile",NA,0.357,2019,26,6.444,1.159,0.92,0.056
27,"Guatemala",NA,0.535,2019,27,6.436,0.8,0.746,0.078
28,"Saudi Arabia",NA,0.439,2019,28,6.375,1.403,0.795,0.132
29,"Qatar",NA,0.555,2019,29,6.374,1.684,0.871,0.167
30,"Spain",NA,0.362,2019,30,6.354,1.286,1.062,0.079
31,"Panama",NA,0.516,2019,31,6.321,1.149,0.91,0.054
32,"Brazil",NA,0.39,2019,32,6.3,1.004,0.802,0.086
33,"Uruguay",NA,0.523,2019,33,6.293,1.124,0.891,0.15
34,"Singapore",NA,0.556,2019,34,6.262,1.572,1.141,0.453
35,"El Salvador",NA,0.43,2019,35,6.253,0.794,0.789,0.074
36,"Italy",NA,0.231,2019,36,6.223,1.294,1.039,0.03
37,"Bahrain",NA,0.536,2019,37,6.199,1.362,0.871,0.11
38,"Slovakia",NA,0.334,2019,38,6.198,1.246,0.881,0.014
39,"Trinidad & Tobago",NA,0.489,2019,39,6.192,1.231,0.713,0.016
40,"Poland",NA,0.483,2019,40,6.182,1.206,0.884,0.05
41,"Uzbekistan",NA,0.631,2019,41,6.174,0.745,0.756,0.24
42,"Lithuania",NA,0.291,2019,42,6.149,1.238,0.818,0.042
43,"Colombia",NA,0.47,2019,43,6.125,0.985,0.841,0.034
44,"Slovenia",NA,0.564,2019,44,6.118,1.258,0.953,0.057
45,"Nicaragua",NA,0.435,2019,45,6.105,0.694,0.835,0.127
46,"Kosovo",NA,0.489,2019,46,6.1,0.882,0.758,0.006
47,"Argentina",NA,0.471,2019,47,6.086,1.092,0.881,0.05
48,"Romania",NA,0.462,2019,48,6.07,1.162,0.825,0.005
49,"Cyprus",NA,0.406,2019,49,6.046,1.263,1.042,0.041
50,"Ecuador",NA,0.498,2019,50,6.028,0.912,0.868,0.087
51,"Kuwait",NA,0.493,2019,51,6.021,1.5,0.808,0.097
52,"Thailand",NA,0.557,2019,52,6.008,1.05,0.828,0.028
53,"Latvia",NA,0.264,2019,53,5.94,1.187,0.812,0.064
54,"South Korea",NA,0.159,2019,54,5.895,1.301,1.036,0.056
55,"Estonia",NA,0.495,2019,55,5.893,1.237,0.874,0.161
56,"Jamaica",NA,0.49,2019,56,5.89,0.831,0.831,0.028
57,"Mauritius",NA,0.498,2019,57,5.888,1.12,0.798,0.06
58,"Japan",NA,0.445,2019,58,5.886,1.327,1.088,0.14
59,"Honduras",NA,0.507,2019,59,5.86,0.642,0.828,0.078
60,"Kazakhstan",NA,0.41,2019,60,5.809,1.173,0.729,0.096
61,"Bolivia",NA,0.511,2019,61,5.779,0.776,0.706,0.064
62,"Hungary",NA,0.199,2019,62,5.758,1.201,0.828,0.02
63,"Paraguay",NA,0.514,2019,63,5.743,0.855,0.777,0.08
64,"Northern Cyprus",NA,0.417,2019,64,5.718,1.263,1.042,0.162
65,"Peru",NA,0.455,2019,65,5.697,0.96,0.854,0.027
66,"Portugal",NA,0.508,2019,66,5.693,1.221,0.999,0.025
67,"Pakistan",NA,0.313,2019,67,5.653,0.677,0.535,0.098
68,"Russia",NA,0.334,2019,68,5.648,1.183,0.726,0.031
69,"Philippines",NA,0.558,2019,69,5.631,0.807,0.657,0.107
70,"Serbia",NA,0.282,2019,70,5.603,1.004,0.854,0.039
71,"Moldova",NA,0.245,2019,71,5.529,0.685,0.739,0
72,"Libya",NA,0.416,2019,72,5.525,1.044,0.673,0.152
73,"Montenegro",NA,0.197,2019,73,5.523,1.051,0.871,0.08
74,"Tajikistan",NA,0.389,2019,74,5.467,0.493,0.718,0.144
75,"Croatia",NA,0.296,2019,75,5.432,1.155,0.914,0.022
76,"Hong Kong",NA,0.44,2019,76,5.43,1.438,1.122,0.287
77,"Dominican Republic",NA,0.497,2019,77,5.425,1.015,0.779,0.101
78,"Bosnia and Herzegovina",NA,0.212,2019,78,5.386,0.945,0.845,0.006
79,"Turkey",NA,0.195,2019,79,5.373,1.183,0.808,0.106
80,"Malaysia",NA,0.508,2019,80,5.339,1.221,0.828,0.024
81,"Belarus",NA,0.235,2019,81,5.323,1.067,0.789,0.142
82,"Greece",NA,0.067,2019,82,5.287,1.181,0.999,0.034
83,"Mongolia",NA,0.317,2019,83,5.285,0.948,0.667,0.038
84,"North Macedonia",NA,0.345,2019,84,5.274,0.983,0.838,0.034
85,"Nigeria",NA,0.426,2019,85,5.265,0.696,0.245,0.041
86,"Kyrgyzstan",NA,0.508,2019,86,5.261,0.551,0.723,0.023
87,"Turkmenistan",NA,0.394,2019,87,5.247,1.052,0.657,0.028
88,"Algeria",NA,0.086,2019,88,5.211,1.002,0.785,0.114
89,"Morocco",NA,0.418,2019,89,5.208,0.801,0.782,0.076
90,"Azerbaijan",NA,0.351,2019,90,5.208,1.043,0.769,0.182
91,"Lebanon",NA,0.216,2019,91,5.197,0.987,0.815,0.027
92,"Indonesia",NA,0.491,2019,92,5.192,0.931,0.66,0.028
93,"China",NA,0.521,2019,93,5.191,1.029,0.893,0.1
94,"Vietnam",NA,0.543,2019,94,5.175,0.741,0.851,0.073
95,"Bhutan",NA,0.457,2019,95,5.082,0.813,0.604,0.167
96,"Cameroon",NA,0.381,2019,96,5.044,0.549,0.331,0.037
97,"Bulgaria",NA,0.311,2019,97,5.011,1.092,0.815,0.004
98,"Ghana",NA,0.381,2019,98,4.996,0.611,0.486,0.04
99,"Ivory Coast",NA,0.352,2019,99,4.944,0.569,0.232,0.09
100,"Nepal",NA,0.439,2019,100,4.913,0.446,0.677,0.089
101,"Jordan",NA,0.383,2019,101,4.906,0.837,0.815,0.13
102,"Benin",NA,0.349,2019,102,4.883,0.393,0.397,0.082
103,"Congo (Brazzaville)",NA,0.372,2019,103,4.812,0.673,0.508,0.093
104,"Gabon",NA,0.295,2019,104,4.799,1.057,0.571,0.055
105,"Laos",NA,0.547,2019,105,4.796,0.764,0.551,0.164
106,"South Africa",NA,0.389,2019,106,4.722,0.96,0.469,0.055
107,"Albania",NA,0.383,2019,107,4.719,0.947,0.874,0.027
108,"Venezuela",NA,0.154,2019,108,4.707,0.96,0.805,0.047
109,"Cambodia",NA,0.609,2019,109,4.7,0.574,0.637,0.062
110,"Palestinian Territories",NA,0.225,2019,110,4.696,0.657,0.672,0.066
111,"Senegal",NA,0.292,2019,111,4.681,0.45,0.571,0.072
112,"Somalia",NA,0.559,2019,112,4.668,0,0.268,0.27
113,"Namibia",NA,0.401,2019,113,4.639,0.879,0.477,0.056
114,"Niger",NA,0.318,2019,114,4.628,0.138,0.366,0.102
115,"Burkina Faso",NA,0.255,2019,115,4.587,0.331,0.38,0.113
116,"Armenia",NA,0.283,2019,116,4.559,0.85,0.815,0.064
117,"Iran",NA,0.305,2019,117,4.548,1.1,0.785,0.125
118,"Guinea",NA,0.332,2019,118,4.534,0.38,0.375,0.086
119,"Georgia",NA,0.346,2019,119,4.519,0.886,0.752,0.164
120,"Gambia",NA,0.382,2019,120,4.516,0.308,0.428,0.167
121,"Kenya",NA,0.431,2019,121,4.509,0.512,0.581,0.053
122,"Mauritania",NA,0.066,2019,122,4.49,0.57,0.489,0.088
123,"Mozambique",NA,0.494,2019,123,4.466,0.204,0.39,0.138
124,"Tunisia",NA,0.167,2019,124,4.461,0.921,0.815,0.055
125,"Bangladesh",NA,0.527,2019,125,4.456,0.562,0.723,0.143
126,"Iraq",NA,0.241,2019,126,4.437,1.043,0.574,0.089
127,"Congo (Kinshasa)",NA,0.269,2019,127,4.418,0.094,0.357,0.053
128,"Mali",NA,0.327,2019,128,4.39,0.385,0.308,0.052
129,"Sierra Leone",NA,0.309,2019,129,4.374,0.268,0.242,0.045
130,"Sri Lanka",NA,0.47,2019,130,4.366,0.949,0.831,0.047
131,"Myanmar",NA,0.525,2019,131,4.36,0.71,0.555,0.172
132,"Chad",NA,0.174,2019,132,4.35,0.35,0.192,0.078
133,"Ukraine",NA,0.178,2019,133,4.332,0.82,0.739,0.01
134,"Ethiopia",NA,0.344,2019,134,4.286,0.336,0.532,0.1
135,"Swaziland",NA,0.313,2019,135,4.212,0.811,0,0.135
136,"Uganda",NA,0.356,2019,136,4.189,0.332,0.443,0.06
137,"Egypt",NA,0.241,2019,137,4.166,0.913,0.644,0.067
138,"Zambia",NA,0.431,2019,138,4.107,0.578,0.426,0.087
139,"Togo",NA,0.293,2019,139,4.085,0.275,0.41,0.085
140,"India",NA,0.498,2019,140,4.015,0.755,0.588,0.085
141,"Liberia",NA,0.37,2019,141,3.975,0.073,0.443,0.033
142,"Comoros",NA,0.142,2019,142,3.973,0.274,0.505,0.078
143,"Madagascar",NA,0.148,2019,143,3.933,0.274,0.555,0.041
144,"Lesotho",NA,0.359,2019,144,3.802,0.489,0.168,0.093
145,"Burundi",NA,0.22,2019,145,3.775,0.046,0.38,0.18
146,"Zimbabwe",NA,0.361,2019,146,3.663,0.366,0.433,0.089
147,"Haiti",NA,0.026,2019,147,3.597,0.323,0.449,0.11
148,"Botswana",NA,0.455,2019,148,3.488,1.041,0.538,0.1
149,"Syria",NA,0.013,2019,149,3.462,0.619,0.44,0.141
150,"Malawi",NA,0.443,2019,150,3.41,0.191,0.495,0.089
151,"Yemen",NA,0.143,2019,151,3.38,0.287,0.463,0.077
152,"Rwanda",NA,0.555,2019,152,3.334,0.359,0.614,0.411
153,"Tanzania",NA,0.417,2019,153,3.231,0.476,0.499,0.147
154,"Afghanistan",NA,0,2019,154,3.203,0.35,0.361,0.025
155,"Central African Republic",NA,0.225,2019,155,3.083,0.026,0.105,0.035
156,"South Sudan",NA,0.01,2019,156,2.853,0.306,0.295,0.091
1,"Finland","Western Europe",0.949172199,2020,1,7.808700085,10.63926697,71.9008255,0.195444584
2,"Denmark","Western Europe",0.951444268,2020,2,7.645599842,10.77400112,72.40250397,0.168489456
3,"Switzerland","Western Europe",0.921336651,2020,3,7.559899807,10.97993279,74.10244751,0.303728431
4,"Iceland","Western Europe",0.948891878,2020,4,7.504499912,10.77255917,73,0.711709738
5,"Norway","Western Europe",0.955750287,2020,5,7.487999916,11.08780384,73.20078278,0.263218194
6,"Netherlands","Western Europe",0.908547819,2020,6,7.448900223,10.81271172,72.30091858,0.364717126
7,"Sweden","Western Europe",0.939144194,2020,7,7.353499889,10.75879383,72.60076904,0.250880182
8,"New Zealand","North America and ANZ",0.936217487,2020,8,7.299600124,10.50094318,73.20262909,0.22113885
9,"Austria","Western Europe",0.899989486,2020,9,7.294199944,10.7428236,73.00250244,0.499954879
10,"Luxembourg","Western Europe",0.90563643,2020,10,7.237500191,11.45068073,72.59999847,0.367084295
11,"Canada","North America and ANZ",0.933913231,2020,11,7.23210001,10.69236851,73.60160065,0.390843362
12,"Australia","North America and ANZ",0.915431738,2020,12,7.222799778,10.72059631,73.60453796,0.41516912
13,"United Kingdom","Western Europe",0.834743679,2020,13,7.164500237,10.60013485,72.30160522,0.435915917
14,"Israel","Middle East and North Africa",0.747580588,2020,14,7.128600121,10.41752529,73.20025635,0.78085506
15,"Costa Rica","Latin America and Caribbean",0.934738934,2020,15,7.121399879,9.658156395,71.29985046,0.786332428
16,"Ireland","Western Europe",0.886982977,2020,16,7.093699932,11.16097832,72.30078888,0.357184172
17,"Germany","Western Europe",0.867371082,2020,17,7.075799942,10.7328186,72.20201874,0.456422031
18,"United States","North America and ANZ",0.842619538,2020,18,6.939599991,10.92576885,68.29949951,0.699715316
19,"Czech Republic","Central and Eastern Europe",0.818537354,2020,19,6.910900116,10.40416336,70.04793549,0.85844624
20,"Belgium","Western Europe",0.813582063,2020,20,6.863500118,10.6736393,72.00164795,0.612297952
21,"United Arab Emirates","Middle East and North Africa",0.941345513,2020,21,6.790800095,11.1099987,67.08278656,0.594502211
22,"Malta","Western Europe",0.924911439,2020,22,6.772799969,10.53383827,72.19999695,0.658547282
23,"France","Western Europe",0.825467646,2020,23,6.663799763,10.58422279,73.80193329,0.583521128
24,"Mexico","Latin America and Caribbean",0.858709276,2020,24,6.465000153,9.797797203,68.29902649,0.806821585
25,"Taiwan Province of China","East Asia",0.77153033,2020,25,6.45539999,10.77568531,69.59999847,0.73188293
26,"Uruguay","Latin America and Caribbean",0.892395437,2020,26,6.440100193,9.948192596,69.00254822,0.635994136
27,"Saudi Arabia","Middle East and North Africa",0.854191244,2020,27,6.406499863,10.79781246,66.30514526,0.682619512
28,"Spain","Western Europe",0.751989543,2020,28,6.400899887,10.46292686,74.40270996,0.765859902
29,"Guatemala","Latin America and Caribbean",0.908147573,2020,29,6.398900032,8.924805641,64.8089447,0.783237457
30,"Italy","Western Europe",0.66465199,2020,30,6.38740015,10.48183632,73.60168457,0.873404682
31,"Singapore","Southeast Asia",0.926645339,2020,31,6.377099991,11.39552116,76.80458069,0.109784193
32,"Brazil","Latin America and Caribbean",0.799804807,2020,32,6.375599861,9.56643486,66.48016357,0.770601273
33,"Slovenia","Central and Eastern Europe",0.936142623,2020,33,6.363399982,10.39232254,71.1029892,0.817071021
34,"El Salvador","Latin America and Caribbean",0.833805263,2020,34,6.34829998,8.909075737,66.10826111,0.754319906
35,"Kosovo","Central and Eastern Europe",0.861535907,2020,35,6.325200081,9.204429626,63.88555527,0.922328293
36,"Panama","Latin America and Caribbean",0.880366504,2020,36,6.304800034,10.03423405,69.60301208,0.851588905
37,"Slovakia","Central and Eastern Europe",0.749952674,2020,37,6.280600071,10.34774971,68.90634155,0.918096125
38,"Uzbekistan","Commonwealth of Independent States",0.974998116,2020,38,6.257599831,8.740371704,65.10757446,0.501497388
39,"Chile","Latin America and Caribbean",0.744896293,2020,39,6.228499889,10.0320549,69.90061951,0.838239431
40,"Bahrain","Middle East and North Africa",0.905855775,2020,40,6.227300167,10.67638016,68.5,0.7393471
41,"Lithuania","Central and Eastern Europe",0.747381449,2020,41,6.215499878,10.34362602,67.29407501,0.809583843
42,"Trinidad and Tobago","Latin America and Caribbean",0.857907116,2020,42,6.191899776,10.26000214,63.5,0.912230611
43,"Poland","Central and Eastern Europe",0.862055779,2020,43,6.186299801,10.26512432,69.31113434,0.686927021
44,"Colombia","Latin America and Caribbean",0.836179912,2020,44,6.163400173,9.500369072,67.69958496,0.86457181
45,"Cyprus","Western Europe",0.779858291,2020,45,6.15899992,10.40570259,73.70222473,0.856271744
46,"Nicaragua","Latin America and Caribbean",0.863902867,2020,46,6.13710022,8.493160248,67.50717926,0.665950119
47,"Romania","Central and Eastern Europe",0.842823207,2020,47,6.123700142,10.107584,67.20723724,0.934300244
48,"Kuwait","Middle East and North Africa",0.872366488,2020,48,6.102099895,11.08982468,66.76764679,0.760849059
49,"Mauritius","Sub-Saharan Africa",0.889534533,2020,49,6.101299763,9.956786156,66.40434265,0.805343091
50,"Kazakhstan","Commonwealth of Independent States",0.811601937,2020,50,6.057899952,10.11465836,64.60996246,0.764490843
51,"Estonia","Central and Eastern Europe",0.87770915,2020,51,6.021800041,10.34001732,68.60495758,0.623073816
52,"Philippines","Southeast Asia",0.915463448,2020,52,6.006000042,8.993545532,61.92676163,0.733634114
53,"Hungary","Central and Eastern Europe",0.718964577,2020,53,6.000400066,10.24924374,67.60997009,0.892916501
54,"Thailand","Southeast Asia",0.905063033,2020,54,5.998799801,9.741791725,67.25059509,0.886272311
55,"Argentina","Latin America and Caribbean",0.831132412,2020,55,5.974699974,9.810955048,68.80380249,0.842009842
56,"Honduras","Latin America and Caribbean",0.870603263,2020,56,5.953199863,8.424534798,67.19876862,0.801131904
57,"Latvia","Central and Eastern Europe",0.671237648,2020,57,5.949999809,10.17531967,66.8074646,0.795580089
58,"Ecuador","Latin America and Caribbean",0.859828949,2020,58,5.925199986,9.246058464,68.50003815,0.801215112
59,"Portugal","Western Europe",0.888747811,2020,59,5.910900116,10.26374245,72.40202332,0.892629504
60,"Jamaica","Latin America and Caribbean",0.858068526,2020,60,5.889800072,9.006250381,67.09999847,0.888890028
61,"South Korea","East Asia",0.612965107,2020,61,5.872399807,10.51056671,73.6027298,0.789067447
62,"Japan","East Asia",0.809961379,2020,62,5.870800018,10.57968903,75.00096893,0.654558063
63,"Peru","Latin America and Caribbean",0.824766099,2020,63,5.796800137,9.456313133,68.10023499,0.893714964
64,"Serbia","Central and Eastern Europe",0.726495862,2020,64,5.77820015,9.680980682,68.21020508,0.843509018
65,"Bolivia","Latin America and Caribbean",0.875873327,2020,65,5.747499943,8.851115227,63.6004715,0.822606206
66,"Pakistan","South Asia",0.734833717,2020,66,5.69329977,8.482727051,58.25313568,0.745705426
67,"Paraguay","Latin America and Caribbean",0.885923445,2020,67,5.692100048,9.389982224,65.63993835,0.834788501
68,"Dominican Republic","Latin America and Caribbean",0.866202772,2020,68,5.689199924,9.664880753,65.80748749,0.755999923
69,"Bosnia and Herzegovina","Central and Eastern Europe",0.651352704,2020,69,5.674099922,9.455817223,67.80813599,0.933769107
70,"Moldova","Commonwealth of Independent States",0.721609175,2020,70,5.607500076,8.776714325,65.01301575,0.913314283
71,"Tajikistan","Commonwealth of Independent States",0.831383407,2020,71,5.555699825,8.024810791,64.10459137,0.592076063
72,"Montenegro","Central and Eastern Europe",0.649565637,2020,72,5.54610014,9.751860619,68.50534821,0.783121586
73,"Russia","Commonwealth of Independent States",0.729892612,2020,73,5.546000004,10.12887192,64.10045624,0.864802599
74,"Kyrgyzstan","Commonwealth of Independent States",0.909374893,2020,74,5.541500092,8.148405075,64.10601044,0.888396084
75,"Belarus","Commonwealth of Independent States",0.639163077,2020,75,5.539899826,9.779945374,66.10433197,0.63571167
76,"North Cyprus","Western Europe",0.79529351,2020,76,5.53550005,10.40570259,73.70222473,0.62611568
77,"Greece","Western Europe",0.541345119,2020,77,5.514999866,10.13232613,72.40525818,0.859931409
78,"Hong Kong S.A.R. of China","East Asia",0.779833794,2020,78,5.510399818,10.9346714,76.77170563,0.420607209
79,"Croatia","Central and Eastern Europe",0.714838803,2020,79,5.504700184,10.07087517,70.21490479,0.916495264
80,"Libya","Middle East and North Africa",0.773157001,2020,80,5.488800049,9.789815903,62.29999924,0.668779135
81,"Mongolia","East Asia",0.693351328,2020,81,5.456200123,9.412186623,62.30448532,0.863511205
82,"Malaysia","Southeast Asia",0.894626856,2020,82,5.384300232,10.26251888,67.10215759,0.839302301
83,"Vietnam","Southeast Asia",0.939592957,2020,83,5.353499889,8.809545517,67.9527359,0.79642123
84,"Indonesia","Southeast Asia",0.870614409,2020,84,5.285600185,9.36975193,62.15584946,0.876296401
85,"Ivory Coast","Sub-Saharan Africa",0.727909327,2020,85,5.233300209,8.225561142,49.50377274,0.790771961
86,"Benin","Sub-Saharan Africa",0.735182583,2020,86,5.21600008,7.674319744,54.31246567,0.740532577
87,"Maldives","South Asia",0.853962779,2020,87,5.197599888,9.518632889,70.59999847,0.824211061
88,"Congo (Brazzaville)","Sub-Saharan Africa",0.719058514,2020,88,5.194399834,8.536987305,57.92448044,0.751779079
89,"Azerbaijan","Commonwealth of Independent States",0.786824107,2020,89,5.164800167,9.687726974,65.50839996,0.55253756
90,"Macedonia","Central and Eastern Europe",0.738840938,2020,90,5.159800053,9.510591507,67.50442505,0.897490501
91,"Ghana","Sub-Saharan Africa",0.794796526,2020,91,5.147999763,8.350645065,57.20398712,0.847964764
92,"Nepal","South Asia",0.797565043,2020,92,5.137199879,7.925357342,63.77917862,0.738099158
93,"Turkey","Middle East and North Africa",0.608830452,2020,93,5.131800175,10.12941933,66.90281677,0.748197377
94,"China","East Asia",0.898517907,2020,94,5.123899937,9.688568115,69.2891922,0.7539711
95,"Turkmenistan","Commonwealth of Independent States",0.826457024,2020,95,5.119100094,9.74803257,62.21170807,0.883691847
96,"Bulgaria","Central and Eastern Europe",0.745178163,2020,96,5.101500034,9.869318962,66.80397797,0.935585141
97,"Morocco","Middle East and North Africa",0.772072434,2020,97,5.094799995,8.940313339,65.89624023,0.815724611
98,"Cameroon","Sub-Saharan Africa",0.763051808,2020,98,5.084899902,8.118647575,52.7049408,0.851336598
99,"Venezuela","Latin America and Caribbean",0.62327832,2020,99,5.053199768,8.977793694,66.50534058,0.837038398
100,"Algeria","Middle East and North Africa",0.466610909,2020,100,5.005099773,9.537964821,65.90517426,0.735485137
101,"Senegal","Sub-Saharan Africa",0.690596163,2020,101,4.980800152,8.118982315,59.59915161,0.808785141
102,"Guinea","Sub-Saharan Africa",0.706846774,2020,102,4.949299812,7.750990391,54.46780014,0.761794448
103,"Niger","Sub-Saharan Africa",0.759772122,2020,103,4.909599781,6.842166901,53.50009537,0.722530186
104,"Laos","Southeast Asia",0.907213569,2020,104,4.888599873,8.79858017,58.70992279,0.634679317
105,"Albania","Central and Eastern Europe",0.781994224,2020,105,4.882699966,9.417930603,68.70813751,0.896303713
106,"Cambodia","Southeast Asia",0.959704638,2020,106,4.848400116,8.249890327,61.52996826,0.822769046
107,"Bangladesh","South Asia",0.90062499,2020,107,4.832799911,8.287063599,64.50306702,0.661843538
108,"Gabon","Sub-Saharan Africa",0.704829216,2020,108,4.829299927,9.680537224,59.71533966,0.849150956
109,"South Africa","Sub-Saharan Africa",0.759330094,2020,109,4.814099789,9.403370857,56.50601196,0.843423843
110,"Iraq","Middle East and North Africa",0.633182645,2020,110,4.784800053,9.661095619,59.90354919,0.82226181
111,"Lebanon","Middle East and North Africa",0.551357508,2020,111,4.771500111,9.3617239,67.10658264,0.90225625
112,"Burkina Faso","Sub-Saharan Africa",0.665563583,2020,112,4.768700123,7.46854496,53.88945389,0.739795029
113,"Gambia","Sub-Saharan Africa",0.733163178,2020,113,4.750599861,7.321814537,55.0120163,0.690717816
114,"Mali","Sub-Saharan Africa",0.71156615,2020,114,4.729300022,7.629852295,51.72698212,0.839328408
115,"Nigeria","Sub-Saharan Africa",0.759578407,2020,115,4.724100113,8.57662487,49.86190796,0.861874342
116,"Armenia","Commonwealth of Independent States",0.712017834,2020,116,4.676799774,9.100476265,66.75065613,0.773544788
117,"Georgia","Commonwealth of Independent States",0.801641524,2020,117,4.672599792,9.226100922,64.49520874,0.665944695
118,"Iran","Middle East and North Africa",0.647873282,2020,118,4.672399998,9.813719749,66.00614929,0.714635968
119,"Jordan","Middle East and North Africa",0.75104779,2020,119,4.633399963,9.025999069,66.79975128,0.700344324
120,"Mozambique","Sub-Saharan Africa",0.864451885,2020,120,4.623600006,7.069345951,54.20582199,0.683019102
121,"Kenya","Sub-Saharan Africa",0.829747558,2020,121,4.583000183,8.02977562,60.09693146,0.831499159
122,"Namibia","Sub-Saharan Africa",0.767520964,2020,122,4.571100235,9.203141212,56.50148773,0.851449788
123,"Ukraine","Commonwealth of Independent States",0.663081884,2020,123,4.56069994,9.010690689,64.60678101,0.920636714
124,"Liberia","Sub-Saharan Africa",0.735268712,2020,124,4.557899952,7.054380417,56.09631348,0.856375933
125,"Palestinian Territories","Middle East and North Africa",0.645791829,2020,125,4.552800179,8.389223099,62.25,0.824199975
126,"Uganda","Sub-Saharan Africa",0.731713951,2020,126,4.43200016,7.500389576,55.70820236,0.836737812
127,"Chad","Sub-Saharan Africa",0.587305248,2020,127,4.422699928,7.467963696,48.22053909,0.802760839
128,"Tunisia","Middle East and North Africa",0.593361557,2020,128,4.392199993,9.314972878,66.89785767,0.867590249
129,"Mauritania","Sub-Saharan Africa",0.551522553,2020,129,4.374599934,8.233919144,57.01017761,0.746223509
130,"Sri Lanka","South Asia",0.837633669,2020,130,4.327000141,9.389969826,67.20006561,0.859001756
131,"Congo (Kinshasa)","Sub-Saharan Africa",0.700793564,2020,131,4.31099987,6.694256306,52.90000153,0.809403598
132,"Swaziland","Sub-Saharan Africa",0.646822274,2020,132,4.308100224,9.16267395,51.18823624,0.708263338
133,"Myanmar","Southeast Asia",0.895075202,2020,133,4.308000088,8.680481911,58.96171188,0.645124316
134,"Comoros","Sub-Saharan Africa",0.547612607,2020,134,4.288599968,7.833630085,57.34901047,0.780622602
135,"Togo","Sub-Saharan Africa",0.649828613,2020,135,4.187200069,7.357711315,54.71989822,0.757733464
136,"Ethiopia","Sub-Saharan Africa",0.740795195,2020,136,4.186200142,7.509385586,58.63959122,0.753690004
137,"Madagascar","Sub-Saharan Africa",0.557574093,2020,137,4.165599823,7.281685829,59.10542679,0.817485631
138,"Egypt","Middle East and North Africa",0.708354175,2020,138,4.151400089,9.316541672,61.78015137,0.787726879
139,"Sierra Leone","Sub-Saharan Africa",0.715315044,2020,139,3.926399946,7.26880312,50.86514282,0.861330688
140,"Burundi","Sub-Saharan Africa",0.626350224,2020,140,3.775300026,6.492642403,53.40000153,0.606934547
141,"Zambia","Sub-Saharan Africa",0.806500256,2020,141,3.759399891,8.224720001,55.29937744,0.801289678
142,"Haiti","Latin America and Caribbean",0.537825167,2020,142,3.720799923,7.411329269,55.59862518,0.684767246
143,"Lesotho","Sub-Saharan Africa",0.738125861,2020,143,3.652800083,7.960488319,48.00362396,0.857392073
144,"India","South Asia",0.881444871,2020,144,3.573299885,8.849823952,60.21518707,0.772042692
145,"Malawi","Sub-Saharan Africa",0.803223193,2020,145,3.538000107,7.062226295,57.59288788,0.731700778
146,"Yemen","Middle East and North Africa",0.599920273,2020,146,3.527400017,7.759682655,56.72728348,0.800287724
147,"Botswana","Sub-Saharan Africa",0.821328104,2020,147,3.478899956,9.711203575,58.92445374,0.777930915
148,"Tanzania","Sub-Saharan Africa",0.82153976,2020,148,3.476200104,7.967665195,57.49607468,0.619799435
149,"Central African Republic","Sub-Saharan Africa",0.640880644,2020,149,3.475899935,6.625160217,45.20000076,0.891806662
150,"Rwanda","Sub-Saharan Africa",0.900589406,2020,150,3.312299967,7.600104332,61.09884644,0.183541179
151,"Zimbabwe","Sub-Saharan Africa",0.711457908,2020,151,3.299200058,7.865711689,55.61725998,0.81023699
152,"South Sudan","Sub-Saharan Africa",0.451313615,2020,152,2.816600084,7.425359726,51,0.763417304
153,"Afghanistan","South Asia",0.396573007,2020,153,2.566900015,7.462860584,52.59000015,0.933686554
